RESG_DIA,CAPTC_DIA,VL_PATRIM_LIQ,VL_TOTAL,SUGEST√ÉO
6673264.31,1572927.55,366655715.84,366731718.08,1
4445799.52,1526156.63,363919557.01,363986483.26,1
1239342.98,1045545.38,363910412.23,363993041.06,1
3089721.13,2334146.36,363358149.74,363390405.87,1
1250494.7,3217409.7,365509146.18,365556363.4,1
1917061.02,3832801.99,367605818.13,367662466.9,1
1261788.0,1739975.37,368270276.78,368338497.51,1
913355.33,5265243.92,372809675.49,372824688.5,1
1171524.01,4238870.79,376066167.68,376088433.05,1
2144733.27,1794709.17,375897246.7,375925739.81,1
4439217.27,2279789.58,373926989.76,373966922.45,1
1200409.3,2212796.49,375130510.58,375177185.31,1
1018155.76,1621518.46,375930748.12,375991888.71,1
1114363.72,1288568.73,376381245.74,376473176.39,1
726019.5,1438324.79,377287983.9,377395804.42,1
1034650.01,2550124.09,378996685.37,379053256.91,1
2359520.86,4230844.55,381062601.37,381116072.74,1
811572.77,1957447.08,382413503.89,382504721.86,1
11984876.28,2004245.49,372638171.13,372577214.74,1
1118210.01,2645321.25,374359910.06,374499093.7,1
1625726.69,2985917.46,375914016.46,375996131.57,1
35311716.12,14809115.03,5454276726.2,5454746793.93,1
26077212.84,13549663.09,5444449121.42,5444844622.63,1
23826125.2,16314956.07,5439842720.28,5440196035.54,1
28526836.38,9392781.79,5423540394.89,5423918740.6,1
32847008.0,20367477.7,5413373561.42,5413750189.56,1
32628363.71,15492025.27,5398122159.78,5398520606.31,1
22753431.61,14630475.42,5392239321.65,5392648164.33,1
21259360.49,16051928.51,5389810882.4,5390174884.61,1
23346959.04,10707451.72,5380181559.76,5380566419.5,1
30755057.02,15049487.75,5367425903.15,5367873597.16,1
21720281.46,21013705.83,5369598899.87,5370054256.61,1
22848802.25,22414389.13,5372129426.9,5372534241.28,1
28018315.15,14651541.78,5361733197.14,5362169258.67,1
26006002.09,16168492.11,5354840595.31,5355289692.93,1
19906202.59,21894197.17,5359498048.73,5359906602.74,1
40074930.03,13561641.76,5335506825.13,5335907899.98,1
31418291.96,14856542.59,5322201652.33,5322689723.06,1
22833293.16,13267036.09,5315410379.6,5315881188.54,1
21589462.03,22112852.6,5318999233.21,5319416071.54,1
30802639.03,17842657.47,5308196445.5,5308661491.99,1
26711045.36,21712518.99,5306318049.44,5306788097.26,1
91595131.26,92951204.98,8273389978.21,8273481970.56,1
45515524.87,91796724.47,8323661398.5,8323754097.43,1
43852392.17,77930097.89,8361800178.29,8361895032.87,1
31378378.71,121037613.88,8455559643.63,8455657095.29,1
30162132.3,81900744.74,8511478253.93,8511523315.49,1
51501006.22,93733183.68,8557992640.38,8558039924.07,1
32037967.9,69872941.26,8600032326.83,8600081797.12,1
37131380.38,81893547.5,8648969459.59,8649021171.23,1
42792886.22,62293710.33,8672542470.64,8672596222.33,1
29312978.7,74346690.65,8721609379.18,8721665373.25,1
46920965.56,94701061.79,8773631484.85,8773689744.75,1
24726109.99,88781767.14,8842031164.75,8842091820.47,1
36094537.95,55814307.57,8866168307.46,8866231007.7,1
40364278.04,154426831.38,8984651115.61,8984716609.15,1
37344482.02,65947598.23,9017707340.53,9017774949.39,1
40330121.26,53341167.76,9035176434.53,9035246034.99,1
47841888.93,64799409.77,9056547714.06,9056619337.09,1
35869143.76,58359692.56,9083610552.01,9083684242.79,1
83523487.35,58052016.59,9062751443.44,9062826988.06,1
36870518.37,87368072.68,9117770877.57,9117848545.38,1
155503880.21,74345095.6,9041143494.69,9041222976.01,1
4905783.93,992985.93,4930999290.44,4926729221.33,1
4258943.64,1116548.12,4926859824.82,4918883827.13,1
5060636.52,986939.84,4925529026.67,4917903745.28,1
2687243.32,837439.21,4913131677.89,4904130507.07,1
5348479.62,1290228.67,4923808978.79,4915290970.01,1
2678754.18,457063.67,4919005164.93,4910674409.63,1
2941167.12,1223379.47,4921872466.7,4911329950.92,1
3190427.89,358898.05,4927507924.27,4917672747.99,1
2934983.89,703966.05,4936928025.35,4927282555.26,1
3362719.2,912867.89,4924626652.7,4915349737.15,1
2341268.28,893926.16,4931142216.18,4921467360.1,1
3761977.41,569748.22,4935615515.66,4929898670.63,1
1777563.08,1153657.75,4936136253.88,4930049176.84,1
4683577.27,861666.38,4923500427.31,4918531181.92,1
1940837.13,616302.65,4934040977.62,4929430736.68,1
1863163.43,934116.76,4938649836.76,4931415330.65,1
3065684.11,572845.21,4935719467.8,4929803930.16,1
2509001.76,899656.53,4938988030.83,4933911605.66,1
1193681.57,479958.58,4931500848.69,4924748765.97,1
2346893.04,582523.82,4939398773.37,4932680629.78,0
2770475.65,692479.89,4950226350.75,4956375904.87,0
6070339.3,1179083.78,2610293734.17,2611618709.86,1
11300211.51,1216570.78,2599437018.36,2600539207.65,1
9301888.23,993620.01,2591248452.72,2591861226.51,1
7949761.49,503555.93,2579922025.84,2580322706.67,1
7201854.96,290707.62,2578102039.83,2578709521.65,1
6440124.66,525649.63,2570448645.78,2571388558.17,1
8265067.04,857071.89,2564745141.01,2565193678.49,1
7383253.09,364921.01,2560871087.23,2561567822.67,1
7704133.1,612264.68,2558146120.16,2558519603.29,1
5937847.33,288086.35,2550816270.12,2551105264.36,1
7073479.11,202625.45,2546185405.99,2546615075.69,1
10629364.59,342511.73,2537130226.68,2537634779.46,1
7848917.35,416498.4,2531896893.65,2532569881.04,1
6831520.18,584212.4,2524934627.36,2525348371.67,1
7981452.29,324096.56,2521523516.03,2521949088.26,0
6623234.62,335121.08,2519019971.35,2519989822.76,1
6063122.41,878455.29,2514415145.92,2514873018.08,1
7289445.98,365495.33,2510759745.59,2511132000.37,1
5958536.96,278980.52,2498673227.2,2499477248.87,1
5640431.57,709812.32,2496411796.73,2496926470.17,1
5864529.67,419863.46,2495206190.44,2495800371.7,0
35063500.28,41384959.04,17211165533.91,17251831442.69,1
81875428.86,40319152.0,17172122466.91,17207692096.34,1
50248245.16,35222563.34,17159385971.31,17190654253.38,1
44201296.53,30920138.64,17144408971.91,17170908621.99,1
46923621.68,26149907.77,17144526999.16,17172681439.23,1
44767587.1,27832498.29,17133107579.22,17159487362.83,1
54852430.89,26055987.87,17115905900.76,17140932585.18,1
42711484.52,24701262.18,17112160419.36,17140433318.68,1
38324431.66,27945965.26,17109754817.58,17134282829.23,1
40734410.42,24199298.17,17097545179.88,17126043248.71,1
38096875.5,28167551.48,17095243802.45,17118274204.81,1
58757602.88,22698274.0,17069430896.12,17090087348.62,1
38945934.06,20322517.25,17058334673.23,17086815506.63,1
40280839.05,28145556.91,17049197418.23,17074246890.96,1
40987673.81,24712565.73,17044223480.99,17067506097.68,1
37631320.57,22944037.17,17042382311.57,17067361662.48,1
55667379.89,24639018.69,17017220407.15,17038232336.43,1
37980652.23,20669781.71,17009170683.88,17032688445.13,1
47305323.69,23174260.23,16987738555.1,17010938908.7,1
41925016.74,22855158.69,16979239006.55,17004589572.17,1
42327906.98,25003941.97,16973512969.71,17004429425.63,1
1093328.67,916866.05,406526001.65,406536083.11,1
620497.37,915113.35,407047571.38,407402001.79,1
988726.02,846691.55,407308853.79,407768645.15,1
1702165.71,353593.17,406327022.48,406731781.54,1
417881.81,2365573.41,408283278.2,408395341.39,1
460069.55,1071438.57,408642707.41,408769750.8,1
448639.77,508145.9,408639200.26,408750181.7,1
1685201.55,919568.18,407856733.84,408005014.07,1
1111928.56,873059.21,407988464.53,408089261.17,1
410890.7,280140.54,407657074.54,407746987.31,1
457529.14,641094.25,408312401.02,408480000.26,1
1423255.42,939740.02,408100885.08,408323581.45,1
691956.22,511181.44,407817697.26,408035359.58,1
1706379.04,509357.94,406962009.17,407217230.59,1
679690.7,7068881.38,413906427.99,414199274.64,1
762419.97,389439.06,413725477.53,414105378.29,1
6081537.22,1542379.18,409648640.5,409982933.73,1
1087111.04,410915.35,409256235.23,409618731.21,1
1449691.78,328444.77,408146022.08,408509062.16,1
849097.68,309985.29,407525264.57,407882320.99,1
1075032.36,709945.67,407450327.75,407824099.24,1
2310839.34,415108.81,476653076.03,477466290.53,1
725377.82,617936.09,476809438.11,476618900.69,1
6835570.07,2136855.49,472307825.55,479031244.24,1
1950949.55,1131710.72,471777632.02,474037793.17,1
846002.26,700230.8,471849300.43,472008259.59,1
1088418.35,448839.36,471466055.17,470867435.78,1
1686508.74,4743884.52,474746417.58,474668890.02,1
563364.32,857175.25,475231601.76,474106259.34,1
424682.12,899853.21,475954692.28,474722976.35,1
2082004.26,1152047.21,475298948.54,475763100.33,1
1015214.6,1606421.84,476235360.48,475912639.91,1
1341753.77,558142.99,475519498.15,479021787.15,1
650958.63,546925.92,475825847.44,476054272.56,1
873916.45,438483.51,475561976.95,475873272.47,1
1066095.18,698400.73,475499981.79,467005634.07,1
2044151.54,1473252.49,475247711.02,467697150.31,1
1399602.52,1294203.24,475437642.18,475792849.07,1
1657867.2,3020893.05,477092397.98,477581493.28,1
1371544.5,229945.29,476201313.16,476882337.54,1
3039832.62,757116.9,474139075.72,476684685.39,1
1442234.61,668064.22,473704100.57,474059088.26,1
309758.93,345423.53,237630460.05,238469449.46,1
1039728.25,441908.76,237196334.35,238184982.54,1
831151.63,804623.39,237176243.2,238256669.06,1
780427.61,193312.36,236871514.59,237900600.97,1
808682.87,1223074.7,237216883.69,237702678.19,1
473468.76,929423.61,237791549.11,238520662.62,1
730465.31,1181710.44,238098886.44,239038538.21,1
700969.92,876048.37,238519528.38,239479171.74,1
655101.36,470522.0,238564519.8,239524204.77,1
298316.71,617298.3,239038697.54,239668961.91,1
366174.5,712908.64,239469676.08,240177572.6,1
447275.74,405241.92,238802255.17,239468465.46,1
577871.05,389155.72,238808308.76,239460546.81,1
515999.93,248648.65,238806122.25,239472121.08,1
186439.1,522204.89,239483922.24,240012893.55,1
339938.05,542303.58,239557222.85,240207208.65,1
205329.02,359807.78,239797238.34,240327480.88,1
586032.7,511135.99,240046469.68,240787646.62,1
958314.92,748867.36,240006983.6,240925497.11,1
477820.85,536261.5,240214178.08,241127486.8,1
384891.41,863212.0,240962615.13,241837526.84,1
2138720.41,2015081.74,268805163.92,271561609.28,1
3251716.7,4819848.81,270503985.65,274456520.59,1
963887.02,1220352.71,270853190.76,272516061.82,1
1757078.54,1292949.47,270588375.96,273068209.46,1
1195327.25,1301996.82,270844959.54,272589594.22,1
1964244.08,11964227.77,281001435.5,283500664.38,1
2071558.83,1951322.56,281016328.65,283757808.98,1
2408738.31,1615549.67,280387653.24,283504994.41,1
800353.64,882452.06,280690902.21,282195301.97,1
1583762.04,1749990.33,280850450.17,283124298.44,1
1467213.83,1894809.99,281579288.16,283740534.5,1
1096811.28,2383516.05,283039618.22,284829317.82,1
1793741.9,939276.61,282345005.59,284822444.93,1
1002168.88,960661.13,282505075.96,284186341.54,1
873174.46,1470444.87,283268661.82,284821936.36,1
1431100.62,1563774.16,283589090.78,285701903.05,1
895466.89,1809045.47,284662534.62,286237766.95,1
6616509.64,1192409.34,279462228.14,286720810.47,1
1201711.57,1347353.55,279813171.79,281653132.82,1
1386202.79,1248423.64,279833587.58,281857324.69,1
1544653.11,2430312.63,280878637.94,283178047.66,1
4190663.75,0.0,1271160367.38,1276668700.91,1
3294776.34,0.0,1268537277.79,1273163962.77,1
2674524.14,0.0,1266482925.94,1270537362.12,1
2278612.49,0.0,1264879644.06,1268583000.99,1
14008030.15,0.0,1251554026.11,1265771057.84,1
1591551.24,0.0,1250677205.96,1252545980.5,1
1919398.54,0.0,1249309606.17,1251608369.26,1
2088702.33,0.0,1247869377.15,1250312007.78,1
1500749.9,0.0,1247006902.97,1248901648.1,1
1784288.56,0.0,1245702563.45,1247892193.42,1
4504918.07,0.0,1241781164.07,1246736416.26,1
2934219.44,0.0,1239576557.86,1243006629.56,1
2734747.78,0.0,1237548109.52,1240834040.72,1
2421664.89,0.0,1235742566.73,1238759350.2,1
2442332.18,0.0,1233710556.62,1236785754.18,1
3851851.7,0.0,1230305062.71,1234835603.28,1
2019685.91,0.0,1228868576.83,1231606258.13,1
3633759.66,0.0,1225872080.02,1230269126.07,1
4014332.34,0.0,1222117095.21,1227003275.14,1
1966068.94,0.0,1219813877.72,1222646342.67,1
2960507.01,0.0,1217801052.02,1221658170.92,1
12265167.75,13494277.51,1597601900.87,1597892781.14,1
8946894.28,6812458.3,1596247319.33,1596392128.74,1
9767058.31,7293168.67,1594549543.05,1594775148.47,1
6677319.66,5707724.59,1594438748.33,1594735659.07,1
6046666.54,7458777.03,1596703353.27,1597067368.5,1
9210601.27,4386069.78,1592686657.21,1593132159.91,1
6089401.88,8415110.04,1595820749.94,1595918142.44,1
4620302.2,5021090.85,1597070157.61,1597232810.13,1
5046489.41,8614484.43,1601447193.21,1601676092.05,1
8694013.85,6081972.04,1599656117.05,1599960626.03,1
7115125.99,6467844.27,1599838663.37,1600218203.01,1
5217476.8,6503007.08,1601937212.83,1602160630.2,1
8655116.12,6815974.52,1600986442.34,1601289465.73,1
8368142.66,4756833.95,1598225935.9,1598615010.79,1
5567157.93,4909925.61,1598394831.21,1598626936.39,1
7759632.53,5180849.67,1596666226.6,1596976768.57,1
6986400.54,4844410.58,1595318639.8,1595483986.47,1
5592842.82,4951837.5,1595606582.88,1595841503.26,1
8314945.32,5110139.3,1593228858.85,1593545120.88,1
7167192.9,5603521.15,1592505432.2,1592901862.48,1
9190846.44,7458292.83,1591589832.69,1592079552.36,1
3477622.72,1743519.51,1265230224.84,1260002776.92,1
2966489.21,1233135.74,1264126092.16,1258402550.84,1
2677600.42,937770.55,1263029706.2,1256916438.53,1
1467330.23,1258788.42,1263509581.53,1256201185.15,1
2385977.89,1270539.53,1262908560.04,1260044073.22,1
2965701.17,1953095.81,1262341129.45,1260043529.09,1
1611996.72,1713541.01,1263258689.37,1259642831.06,1
1840921.39,1461806.71,1263634381.91,1260429595.01,1
2930293.52,790723.06,1262280876.06,1260017931.86,1
1482452.14,1340484.4,1263135333.53,1259441250.35,1
2413653.35,761545.0,1262064718.59,1259325877.69,1
2241167.56,813640.87,1261473485.8,1258574409.57,1
3352279.47,3092414.84,1262480760.75,1260714647.21,1
1628771.95,477254.04,1262116637.07,1258644716.56,1
5324200.66,626687.84,1258139986.1,1258381696.68,1
1249056.25,2731992.18,1260398788.93,1256611895.08,1
1651958.67,1932690.65,1261566293.18,1258194126.16,1
30213574.76,836494.25,1232888110.05,1258095184.12,1
1361107.56,789927.54,1232922834.71,1229462353.54,1
3804642.43,705169.04,1230610243.36,1229611652.91,1
2823775.56,1237940.46,1229776040.07,1227836643.28,1
3933504.49,54198.47,684164554.63,684695942.58,1
0.0,437248.4,683607148.41,684195404.29,1
3629757.11,411434.43,680571520.12,680521528.74,1
2501461.97,608423.28,675855313.33,675689529.67,1
1954388.24,319755.18,675908038.59,675844253.1,1
895845.46,226771.73,674700671.41,674667512.44,1
0.0,536852.95,675925835.19,676090225.33,1
1454559.16,63307.0,676691737.2,676831817.0,1
1141337.37,53210.8,678146963.75,678241701.54,1
912852.97,75693.71,674565066.08,674765787.27,1
2675262.39,147029.12,673273863.05,673513150.44,1
0.0,266086.44,675158011.37,675428242.59,1
2593479.71,236253.08,673348905.07,673529213.47,1
2121378.51,410160.77,670115188.13,670276615.31,1
1675208.09,299478.56,670996533.06,671317247.37,1
2628453.33,1321.75,669600548.69,669926191.69,1
0.0,704712.12,670064798.27,670455030.35,1
1019313.44,560268.47,670575709.98,670995600.27,1
1168319.22,121057.07,668354529.92,668753417.01,1
789244.38,96871.0,669125386.68,669561528.58,1
1984251.94,247649.81,669532311.17,672024566.74,1
3544190.38,20725038.98,1852030054.3,1859214605.84,1
2116626.65,28528963.09,1878759298.77,1885752560.18,1
3416282.33,32923671.88,1908142744.85,1914544788.92,1
2868814.52,17260936.81,1922416622.0,1932127545.07,1
4645243.2,21953445.34,1943434007.75,1943671169.77,1
1776395.38,16107453.18,1959024927.5,1961702475.22,1
1253992.58,22090348.86,1981176577.05,1982088911.34,1
10005309.17,16801416.49,1991038428.42,1999298344.93,1
3478760.74,17688609.98,2007005128.07,2010793437.16,1
1596396.91,19170702.7,2024112931.36,2027749493.98,1
1788008.9,23239498.26,2046385767.99,2050825862.72,1
1617452.3,20133912.36,2067354067.66,2071249646.44,1
4186978.9,29468140.87,2093748016.33,2100248136.51,1
3215845.48,20491362.19,2110394077.46,2117837669.06,1
3249106.65,32750183.6,2142079337.81,2147188211.82,1
1944169.55,20514521.55,2161389587.93,2164175013.74,1
3724479.14,24070935.35,2182617685.1,2186317621.29,1
3304678.11,28893079.65,2210378901.83,2210667197.27,1
4678759.71,33870730.87,2238498868.29,2242137487.72,1
4510050.6,29354408.15,2264583971.35,2266074097.08,1
5077647.86,38451733.72,2303943018.76,2307656752.1,1
8015239.04,4606484.97,2519681869.45,2532312760.36,1
0.0,3308194.88,2517098263.72,2521856322.91,1
5378202.02,3121909.69,2509604366.61,2519924140.59,1
0.0,2307431.17,2483937104.9,2494755785.92,1
2989253.19,1533383.72,2490099411.37,2494152171.6,1
2260423.21,1351201.91,2487527275.28,2491049156.06,1
0.0,1659294.97,2493456583.4,2494918097.4,1
2335177.83,1011998.64,2504182047.88,2508197385.42,1
3008465.57,1199022.71,2512135777.63,2517048511.25,1
4968110.0,1481566.73,2503365964.28,2510419999.27,1
9772238.84,1185885.85,2500984181.6,2513056624.02,0
0.0,2736014.73,2512664548.85,2515196533.22,0
3163063.04,3443020.75,2514868878.07,2520768258.04,1
2904140.46,2562698.32,2502856092.49,2508633632.36,1
4837829.51,1037095.77,2508941195.83,2516882645.04,0
3376609.78,2683779.42,2515091595.68,2521807394.28,1
0.0,1447806.41,2513103009.41,2516611843.43,1
2635452.32,2451397.51,2516651545.57,2523009309.9,1
2943174.19,1089602.34,2509188422.76,2516024270.99,1
2696684.17,958550.39,2511056247.25,2517855131.98,0
4314722.9,1262479.01,2513029064.15,2521665225.41,0
1351183.11,817032.31,1735299644.84,1739598534.83,1
2271636.06,9961691.52,1742256462.11,1745732043.29,1
43610922.99,845037.29,1699414526.5,1744647601.85,1
1426111.32,2260279.81,1700530603.65,1669538228.27,1
752902.65,1633151.58,1701804316.01,1705571202.07,1
1888519.63,954442.75,1701594638.25,1701923604.89,1
976380.97,764398.94,1701974905.86,1703387333.35,1
641356.59,897823.22,1702484582.37,1703370164.97,1
2117270.92,1065105.19,1701980443.84,1703574877.82,1
1983161.08,14575580.8,1714131748.86,1715500785.77,1
778962.28,1008238.74,1715463015.92,1717501116.37,1
8613137.66,1010317.78,1710320120.7,1720571853.45,1
63944734.18,8083301.65,1654929281.94,1719197335.95,1
2560761.28,1363476.29,1653832078.31,1657515569.22,1
712389.01,471073.18,1656253642.6,1658891398.28,1
869822.65,497546.96,1657171950.11,1659563080.32,1
664289.77,1090071.48,1658987581.17,1661768783.17,1
21210176.78,776958.13,1640573400.47,1663126055.63,1
26751481.43,1078147.12,1614049104.5,1642538419.45,1
1295422.6,694345.08,1614330900.45,1616587072.27,1
648804.48,1676526.43,1617533640.67,1619924096.33,1
82136.1,57665.09,18140694.2,18712597.88,1
55759.77,180497.31,18090805.77,18584616.77,1
17011.02,111134.9,18012047.2,18450136.2,1
118460.59,102903.07,17665431.61,18222770.52,1
8919.76,194519.78,18068351.2,18291624.91,1
14646.43,147836.72,17949273.59,18260317.68,1
42353.35,188706.42,18007114.12,18253367.38,1
12979.56,104291.68,18057309.58,18215579.67,1
7816.39,83843.84,18323306.25,18406547.58,1
25164.37,98578.19,18124048.69,18273907.53,0
17392.85,132374.28,18242265.66,18515391.55,0
15854.59,226506.48,18364896.3,18563987.66,0
36209.78,68516.46,18085582.62,18388139.54,1
21029.73,67851.97,18179631.99,18416233.33,1
20457.75,80841.99,18505335.6,15267529.38,0
40036.51,93202.36,18680714.64,15584439.72,0
39097.87,127377.37,18727410.15,19015787.26,0
111715.95,99745.12,18723804.23,19047684.8,1
26267.69,108987.72,18010213.18,18867379.26,1
15538.06,143179.14,18092064.31,18380024.58,0
2998.38,116243.13,18444431.02,18234430.2,0
6609268.59,34320.0,3482557917.22,3479967431.14,1
4934043.94,108843.95,3473999393.54,3468225001.5,1
3018946.49,5030.14,3475272371.55,3431018919.35,1
4184986.47,186900.0,3458287613.34,3398309946.82,1
12128540.02,217300.0,3456667025.59,3457038175.68,1
5161598.57,23000.0,3444058562.65,3445517432.08,1
14120547.02,0.0,3429860546.17,3398423343.97,1
7147246.81,67200.0,3429556106.13,3435215653.53,1
4536849.41,252500.0,3431668640.52,3427855688.93,1
5911430.53,56000.0,3410535201.86,3405597752.94,1
6389174.73,40000.0,3412930515.24,3397755627.12,1
6489822.55,1510.0,3411917098.91,3409630870.08,1
7469075.21,177500.0,3404435610.54,3403339142.4,1
4338420.44,80000.0,3397250189.61,3394112205.28,1
4580798.62,800.0,3407386047.06,3401469231.99,1
2848065.92,65000.0,3410997823.22,3403700581.0,1
6422693.62,60000.0,3404048001.61,3398702298.5,1
6585279.93,2470.0,3402889002.19,3401390066.52,1
7302286.08,5600.0,3387425511.75,3386915576.49,1
5888711.44,22000.0,3387123877.61,3356291541.24,1
6357214.58,4700.0,3393335179.12,3399923403.64,1
545311.13,833772.59,822127907.44,823566327.81,1
1487864.84,1621522.18,822409760.05,824781665.52,1
659115.41,1018463.6,822507813.31,824535539.98,1
513716.93,1396435.48,816949343.27,825061465.64,1
910163.59,920226.13,815061765.79,818365498.44,1
1923351.39,610675.94,815438768.32,816219912.97,1
1081624.47,2662011.66,823237711.47,818677601.48,1
1289380.17,593324.18,828970866.99,824429016.32,1
533203.52,863171.5,836305257.5,830451785.85,1
700013.77,1026653.7,835377119.23,837946323.44,1
1443016.58,950553.39,838633251.43,837001566.82,0
417671.75,2036788.52,846850951.62,841394991.09,0
554481.35,1774192.6,850376943.69,849416935.23,1
628870.26,1200598.25,845474651.7,852409229.9,1
225587.75,981862.8,847036666.15,847311459.08,0
882569.73,1409823.45,850824835.82,849337605.82,0
392757.72,1740165.0,854821943.25,853469996.12,0
595845.36,1664951.83,855336950.43,857453299.76,1
679041.28,1962475.04,851927454.56,858269257.39,1
540109.57,1015976.43,860827782.3,853971022.72,0
503285.06,1794399.39,863022855.86,863694281.55,0
924709.33,1554950.83,251264582.74,251188762.63,1
632370.48,658929.03,251406607.99,251343208.86,1
1056925.14,391965.38,250855706.24,250804735.03,1
442127.67,585373.45,251111427.32,251072857.65,1
414697.44,1140141.09,251950484.4,251924328.43,1
545536.63,418250.17,251936604.18,251922902.41,1
604483.21,375554.5,251822395.32,251820936.55,1
293083.43,563252.15,252206171.73,252217160.49,1
441575.78,453234.82,252329886.6,252353357.82,1
452275.32,398962.03,252384554.48,252420497.42,1
1084537.83,287559.84,251695962.26,251744379.49,1
271841.59,311745.48,251849996.79,251910832.99,1
494877.95,460459.91,251941396.62,252004754.98,1
702477.12,276754.16,251632954.45,251708766.03,1
328845.13,351938.96,251773026.87,251861276.97,1
539976.96,487298.23,251836509.9,251937203.89,1
437095.37,214832.52,251730339.77,251835197.45,1
831004.75,314969.36,251329756.71,251447057.58,1
750248.41,229215.4,250928010.77,251057735.72,1
515560.0,498539.75,251031016.87,251173144.81,1
1068322.85,1472822.72,251552297.49,251706835.3,1
2786390.0,5884428.24,1029466072.47,1037702215.59,1
3695.14,9728186.83,1038433933.58,1043248878.88,1
622389.57,7709356.56,1045704716.18,1051220744.13,1
840555.08,8104216.16,1051639539.49,1057245928.67,1
1307201.08,6629373.08,1059109286.4,1065162883.69,1
1920950.08,6922754.88,1062527907.12,1069032865.81,1
0.0,6752510.99,1069823872.52,1074468067.76,1
377206.53,7614583.27,1077440551.74,1082614870.51,1
320059.2,7889473.07,1084920666.96,1090135396.03,1
322426.87,6200863.82,1089807610.38,1095016741.6,1
1169851.55,4685307.51,1094033934.88,1100126829.53,1
0.0,4026053.77,1100341225.54,1105430032.43,1
603753.05,4922369.74,1104493271.62,1110185589.2,1
343239.58,3516449.75,1107843584.91,1113409357.08,1
70104.58,3399779.88,1113441377.93,1118844663.24,1
2568990.48,3293256.34,1115136660.51,1123051469.3,1
0.0,3444602.18,1119562854.82,1124819642.29,1
744647.52,5573381.8,1125959611.9,1132010386.88,1
404987.57,4655105.19,1129811303.88,1135484575.56,1
480897.45,6267528.52,1136307323.67,1142291690.56,1
2127286.31,4737895.67,1141195991.69,1149102867.96,1
0.0,7999833.48,2252386503.06,2257446998.88,1
0.0,13940376.17,2260366722.23,2261025220.0,1
2262641.46,12337279.31,2271372473.27,2272326615.61,1
4490420.91,6352864.75,2273419708.85,2274523448.41,1
2925634.2,5723500.32,2281489011.56,2282792283.59,1
0.0,5975007.58,2293044003.82,2294547076.87,1
0.0,6369906.65,2309256042.11,2311915172.11,1
3029154.82,7395826.91,2310832464.23,2313074377.09,1
4989568.17,6776599.94,2317968805.23,2320988897.23,1
1338335.68,8989062.01,2332516050.12,2336719640.6,1
0.0,8722010.87,2343492622.67,2348065389.46,1
0.0,9259005.18,2346439802.24,2349918406.07,1
1828257.39,9045682.88,2354671007.71,2358290634.41,1
4968062.89,8311025.86,2362656425.48,2366989208.61,1
1998338.87,9484119.0,2371905979.03,2376550768.2,1
0.0,11650997.97,2385412154.85,2390355122.5,1
0.0,9846040.11,2390864837.81,2395088830.79,1
3201146.07,11763026.3,2405610607.91,2410789287.84,1
4961193.72,10088733.84,2415470153.91,2421324362.83,1
2173565.95,873919.12,648798370.47,649469724.01,1
1014904.61,272246.46,648168659.02,648872625.05,1
298169.29,789706.7,648447284.16,649183831.97,1
687669.19,243128.87,642874102.72,642982813.37,1
558421.88,202409.63,641034682.98,641175714.62,1
775614.61,277400.83,641845436.7,642018699.19,1
975795.29,608200.43,646361723.32,646567255.91,1
836191.35,186847.21,650778926.81,651016952.16,1
302978.71,235383.81,656261690.01,656532425.85,1
538831.1,404229.81,655143367.59,655447084.06,1
806530.32,274545.32,657570224.46,657906866.53,0
668254.52,817415.68,662911241.81,663280928.64,0
703007.39,641330.97,664652790.56,665047911.11,1
1547893.0,695707.8,659450259.32,659878773.79,1
1362240.6,565081.65,659276535.72,659738187.87,0
1000891.69,502045.62,661321500.23,661816276.81,0
313712.84,491818.04,663593933.21,664121939.03,0
592735.08,886846.44,663431627.79,664585710.4,1
856205.6,577131.94,659469213.71,660063894.88,1
542711.84,541023.39,666024798.64,666652618.38,0
261140.63,714884.64,667173742.5,667834999.65,0
7261391.8,561900.98,2016805472.04,2020268687.77,1
0.0,1460561.94,2018703783.1,2022301522.04,1
8290597.6,511957.09,2015121068.14,2018898502.2,1
6221022.02,834766.2,2002518179.21,2003059128.39,1
7754126.59,571911.42,2009291669.17,2010048166.7,1
4635555.59,678800.76,1997468326.6,1998357390.83,1
0.0,1326725.15,1992862300.62,1993918959.21,1
4785391.56,542355.43,1990188813.29,1991305078.86,1
5917036.52,755582.69,1996475564.91,1997753316.66,1
6812998.66,1020103.64,1984355410.64,1985876129.91,0
12306038.67,803462.39,1972618389.68,1973869484.47,1
0.0,2330082.75,1969889996.64,1971705244.03,1
6941006.06,276576.6,1963351606.83,1965338269.92,1
6095195.58,693639.87,1967204938.45,1969173534.74,1
3246143.76,592500.8,1972528487.43,1974692000.59,0
9070722.43,1042370.95,1972943347.68,1975279113.68,0
0.0,412660.0,1976671422.13,1979264577.82,0
5516339.61,1911415.07,1972261969.84,1974994895.37,1
4393483.34,537262.42,1955623941.19,1957816946.52,1
4247124.92,537550.64,1957672908.46,1960668713.26,0
7950735.58,875005.08,1962185117.96,1965293066.77,0
6998061.87,1188136.66,1078332750.55,1085755961.3,1
6178840.8,1563974.0,1074180998.38,1080799215.46,1
4995946.85,881699.3,1070457366.29,1075918595.69,1
5207338.29,879305.41,1066877523.29,1072571089.8,1
2580001.68,1140423.36,1066032421.86,1068665525.81,1
4931395.65,1189745.91,1062934429.9,1067927404.61,1
5485752.5,1246120.06,1059269735.84,1064848234.75,1
5540006.43,734818.03,1055267108.98,1060919450.3,1
1694120.47,887354.67,1055407931.33,1057236666.76,1
54888738.74,480763.19,1001642422.96,1056669633.64,1
3263107.71,1095942.32,1000189696.12,1003621498.83,1
3297843.31,686759.64,998245565.66,1001737964.73,1
3174172.41,921481.0,996670496.63,1000054967.78,1
2969487.74,1416450.68,995936478.09,999135622.5,1
4070717.69,710178.63,993270420.89,997604439.62,1
3794195.37,663528.34,990928060.56,995002152.51,1
3911391.76,1647544.95,989255675.53,993470124.57,1
2810250.02,1064789.27,988208735.02,991344222.78,1
2526690.65,801429.32,986931807.45,989799961.66,1
1637247.74,360799.94,986417535.07,988417170.33,1
3848641.25,1071474.94,983923296.74,988161932.29,1
3618982.85,17285187.45,4531340786.54,4536824135.52,1
8935349.42,4437647.52,4528128314.04,4535418336.4,1
4208059.15,3959501.3,4526633186.34,4532696983.66,1
6284887.17,4134692.41,4515290469.36,4522171282.66,1
3903214.97,3125230.13,4524932278.61,4527028362.56,1
3472121.33,4780039.15,4523981159.08,4526166727.1,1
4637568.12,2844266.89,4522857982.87,4525596540.13,1
4648778.75,2246154.56,4530638342.28,4533585160.06,1
3177047.2,1693657.44,4537573085.59,4540291097.87,1
2584283.8,1993659.52,4526249960.0,4528987890.59,1
3284138.22,3632324.21,4529566320.0,4532709274.53,1
4129262.38,2988285.75,4535318809.13,4538923024.03,1
5342014.49,1450011.33,4536114388.44,4540291317.4,1
4383445.91,1240097.16,4524647397.49,4528735246.42,1
4865379.55,1474510.66,4528605324.8,4533033942.69,0
2871383.62,1461282.59,4531224442.43,4535263807.27,1
4569686.58,2962660.16,4526602109.07,4531351828.08,1
9214823.08,1865151.59,4523416270.93,4529760283.6,1
9215735.0,1235692.44,4507982178.77,4514529665.46,1
4381978.71,1235814.44,4511107710.46,4516406329.46,1
2529762.91,1535457.7,4520108213.29,4525057919.34,0
2738503.03,3683745.24,2894583467.99,2905884947.77,1
4746660.52,240072.03,2890536540.25,2898045422.82,1
4459501.77,89889.59,2888086780.02,2895710677.97,1
2129502.32,165372.38,2886900525.7,3001573501.62,1
2349786.27,187404.89,2892541440.76,2770854646.49,1
10122539.85,253284.06,2884385776.18,2893181634.75,1
3019314.97,430825.24,2883434530.97,2869193337.62,1
3725836.1,409729.96,2884378365.08,2872071257.77,1
2678327.19,297035.53,2887300697.31,2897765091.38,1
2498445.78,566228.0,2883958636.07,2894828856.89,1
4936015.24,1697766.79,2880784269.42,2887915037.65,1
2261336.63,208575.56,2883063480.34,2891911544.0,1
1648067.28,266341.76,2880102760.74,2886431232.64,1
2076007.51,976033.65,2876966611.92,2881594243.56,1
3930256.94,282561.53,2876583002.56,2891258364.56,1
2818804.29,386782.6,2873713933.62,2886813296.21,1
1745118.51,346054.9,2872886445.0,2888563026.43,1
5582957.54,59334.27,2869415940.51,2887255359.54,1
3176279.3,469959.13,2864066135.56,3000576980.48,1
1701690.57,236458.88,2866968313.44,2868635003.68,1
2293748.81,207068.92,2869419667.56,2872108490.88,1
101283.98,46902.65,107326034.85,107448051.12,1
61815.46,17550.4,107218407.02,107633372.49,1
333101.66,29139.44,107181385.65,107354838.33,1
0.0,10678.67,106572831.33,106800883.82,1
86828.57,4718.74,106719090.41,106865879.76,1
49841.04,13396.07,106489698.41,106779384.05,1
134297.37,8717.56,106609537.18,106769656.1,1
147784.79,10525.3,107012139.39,107054207.17,1
0.0,11521.4,107318610.82,107474849.99,1
24998.14,20785.56,106111550.95,107113992.95,1
109419.48,9974.89,105853581.9,107228541.38,1
866436.61,67318.03,106235917.26,106749144.89,1
477221.67,4277.09,106283276.17,106397359.79,1
0.0,4165.03,105956739.63,106085541.34,1
73357.32,105570.11,105559873.38,106433638.41,1
9995.85,28546.41,105693717.16,106659768.09,1
813611.65,23539.84,105686113.99,105843251.56,1
97588.94,9062.36,105686269.51,105895211.94,1
0.0,5556.33,105260211.43,105755386.92,1
144695.85,3923.08,105443775.09,105884872.06,1
281535.07,47399.27,105671090.47,105990694.12,0
16667189.75,444274.51,2299833191.64,2292317390.25,1
0.0,487333.63,2294964968.4,2287444263.66,1
6800811.17,782400.0,2284229317.95,2276710366.87,1
5403980.4,424968.01,2259212410.32,2251623814.12,1
4642253.58,613552.11,2262035550.39,2254411998.14,1
3084576.68,394878.0,2257863201.96,2250210690.86,1
0.0,433154.01,2262135645.67,2254483323.05,1
3165469.84,72500.0,2269857671.47,2262035661.17,1
3583722.17,365585.01,2275407377.96,2267571847.31,1
2351702.64,478583.22,2268805988.47,2260952919.72,1
6112360.19,531264.0,2268790477.65,2260911847.56,0
0.0,164000.0,2276984823.56,2269106728.96,0
3429690.07,268000.0,2275560262.93,2267672516.29,1
2548250.39,332500.0,2262896255.14,2254992601.36,1
4894861.9,230000.0,2267088214.7,2259175765.29,0
4563544.99,317620.33,2268980133.91,2261052951.65,1
0.0,231590.0,2266140440.95,2258213011.17,1
2801398.12,561096.15,2267241240.41,2259306455.09,1
2211992.8,230962.42,2260262109.94,2252313697.48,1
1215978.16,489239.31,2262757785.5,2254801454.36,0
3719665.05,248000.0,2263775951.64,2264919069.0,0
6690228.51,4273277.17,4231503489.33,4238288614.41,1
9155587.2,3495397.74,4226505837.11,4224658728.14,1
5092672.55,2781573.16,4222944773.44,4228404932.23,1
6735088.25,3773228.89,4217046381.88,4219511639.52,1
6533314.7,3159459.36,4220557819.34,4220258133.71,1
8211712.58,1774768.14,4215750112.74,4224782740.88,1
6592045.99,4269345.63,4215762057.55,4215045830.19,1
6853386.62,4265935.45,4220922272.07,4228936485.58,1
7444651.24,3979428.88,4223479494.78,4226175145.76,1
4212654.28,3348810.63,4216988613.63,4222633708.74,1
7228209.59,4047326.21,4218362504.77,4227171072.26,1
7627964.81,4346759.19,4217882464.7,4220324024.5,1
6929889.05,3678005.07,4214357054.69,4223166028.46,1
4310839.38,4473533.14,4206421681.39,4212756888.82,1
6645959.57,2857567.17,4207848752.97,4210707948.89,1
6341493.48,2397483.07,4204666119.06,4213337336.8,1
5896954.54,2025903.17,4198467897.02,4199313600.64,1
5932233.58,5050864.63,4201997729.36,4210552052.78,1
8134616.57,3172552.22,4191338055.87,4196803711.53,1
8991828.44,2861534.9,4189778461.92,4196253238.55,1
8336986.93,2337168.49,4191800608.13,4197405877.73,1
617579.05,1703196.93,1124332997.48,1126878137.3,1
1174694.84,1758408.35,1126158285.4,1128926330.73,1
400073.85,3197820.77,1132898017.16,1136468629.18,1
757829.7,1989324.4,1134222708.33,1135609448.55,1
4782857.39,2430097.57,1134993345.44,1136951432.55,1
621828.26,2688426.82,1136791920.62,1138654886.79,1
1147067.71,2676233.27,1138042679.77,1139804832.92,1
415337.93,3582538.87,1146313269.42,1149155536.04,1
599190.21,2586998.13,1150281894.25,1153524398.6,1
305962.6,2889538.28,1150353966.94,1152994086.37,1
792576.98,1710922.06,1152068692.52,1154841459.2,1
867570.65,4848569.76,1156009688.27,1158731895.44,1
934467.03,5229817.46,1160725094.3,1163498380.03,1
801811.25,3391613.14,1163214880.38,1165926158.54,1
536051.91,18074568.62,1181712338.15,1184592754.69,1
1412132.66,4444165.13,1186581728.86,1189820067.29,1
1684594.7,2585806.59,1188860725.36,1192359284.88,1
1354025.86,3467101.04,1193243373.08,1197206636.64,1
913392.82,3885721.37,1195914335.13,1199763816.75,1
1867036.08,3961735.65,1198443223.13,1202341583.71,1
372455.33,13363298.77,1213233845.05,1217496977.31,1
1013404.62,36268.45,232987901.8,220539286.1,1
0.0,0.0,232183057.8,217590319.38,1
270203.92,229792.48,232687351.47,215255369.97,1
0.0,86539.57,231908786.89,211621081.02,1
285149.18,1145173.35,234924609.1,218125708.72,1
525545.7,47103.38,234429714.21,228437980.85,0
1413395.3,202470.94,234100611.49,223773038.37,0
0.0,123668.83,237274650.19,232085795.26,1
0.0,119616.51,237755990.8,233318521.39,1
498470.52,85480.43,237040303.3,224087720.59,0
1136931.96,184740.64,235314735.3,222098988.66,0
256209.84,111001.22,238098622.52,223878668.34,0
0.0,58576.93,238536252.8,224323889.16,1
0.0,154631.47,237212038.08,228576238.96,1
207720.32,163001.01,237252559.56,228538837.17,0
1025774.81,239329.28,235160945.53,228778246.28,0
132258.14,314851.94,235989971.34,226465624.11,0
0.0,26294.93,237279254.21,225727720.36,1
0.0,145777.94,234263357.38,224231023.71,1
659372.71,73427.54,235586797.85,223711735.86,0
674170.01,57603.25,235749224.94,223634077.28,0
1986507.15,197901.0,1748649013.02,1742598404.61,1
2126970.76,16058.79,1746819137.04,1740675586.74,1
3559140.08,50500.0,1744464412.36,1738285033.58,1
787441.69,57750.0,1744205625.49,1738014198.14,1
1540168.27,92000.0,1747427717.85,1741187579.81,1
2095490.59,80311.97,1746444269.23,1740190606.23,1
1627726.46,175300.0,1745978701.11,1739714761.0,1
2116738.26,262800.0,1746682834.17,1740408128.74,1
1663856.93,135600.0,1748337895.31,1742053743.24,1
1547082.45,303826.1,1746256408.68,1739965809.39,1
2603507.86,248662.64,1743946745.03,1737636287.38,1
1459530.75,101961.0,1745189634.71,1738872040.06,1
287706.55,47948.2,1744010894.47,1737689552.76,1
1389528.55,341000.0,1741749238.4,1735415710.72,1
2280427.62,39273.73,1741469156.64,1735114090.21,1
1841015.8,146207.45,1739519003.46,1733147041.8,1
1512201.93,51550.0,1738406951.78,1732016232.39,1
4471426.65,22001.0,1735193561.87,1728760564.57,1
2634287.2,96500.0,1731081327.31,1724621413.63,1
643065.82,41760.0,1733097269.48,1726630958.05,1
1360045.72,49588.5,1734506424.37,1734425792.39,1
5819233.66,2465834.47,2160816849.49,2073193815.9,1
0.0,2384349.1,2149997950.98,2113372707.36,1
4099654.5,1912214.66,2144121571.71,2106730837.19,1
2374291.77,2050784.66,2122121630.85,2142933248.9,1
5210580.46,1340915.55,2143808656.01,2144345807.58,1
4383270.6,1127551.23,2133528085.96,2149064549.76,1
0.0,2271661.56,2132972337.62,2217655587.25,1
3351263.03,2430958.49,2141823234.23,2151108737.86,1
3934700.12,1113614.84,2146456536.79,2155102791.48,1
4033522.38,1459749.69,2131136482.64,2147917298.94,1
8476104.59,1602698.67,2128633594.54,2143901632.81,0
0.0,1889999.92,2135970244.5,2143536804.82,0
2516797.3,1068062.01,2134403423.84,2145046526.16,1
3751972.1,1126691.87,2124506311.11,2136617717.95,1
6183243.19,1270247.89,2137506341.61,2144185243.84,0
5036906.54,1470326.7,2143735107.27,2151552701.72,0
0.0,1400177.09,2147006390.9,2193584653.86,0
2500707.6,1127644.77,2154985307.28,2157188547.88,1
2845903.24,1462708.12,2138369954.07,2151386308.04,1
2113520.2,1834702.32,2142403932.75,2151389214.26,0
5372896.03,2034484.5,2152754245.3,2163268267.31,0
0.0,5000.0,95271890.52,95347473.96,1
1161110.58,1188889.38,481596620.17,481946228.5,1
0.0,367594.9,482205529.02,482775190.0,1
0.0,564410.45,483020565.04,483405668.43,1
413617.81,256868.61,483163925.62,483425079.07,1
619332.96,134026.88,482951104.07,483143929.66,1
2567483.39,200637.76,480752569.01,480792922.85,1
0.0,79023.64,481152401.52,481338197.68,1
0.0,207338.21,481768585.64,482274786.44,1
520020.86,476464.67,482037691.69,482304482.51,1
1273116.0,238237.73,481310874.83,481575908.15,1
1062205.62,250582.78,480786578.98,481263006.51,1
0.0,460340.14,481554443.77,481681562.72,1
0.0,83362.93,481919142.03,482177279.64,1
636564.73,191091.98,481788520.69,482202383.56,1
858860.24,365345.7,481572339.86,482188114.2,1
4093837.81,573937.31,478365471.81,478688223.62,1
0.0,310724.76,479003857.18,479288322.24,1
0.0,252187.07,479540362.59,479955132.27,1
745872.27,312847.35,479447947.12,479618721.94,1
945173.76,72655.87,478901902.45,479159821.17,1
3992077.26,166491.42,475394868.3,475692223.39,1
2389868.2,1301207.23,2345623898.92,2344855734.2,1
4141396.91,1206936.56,2341363006.86,2340537366.8,1
1161817.01,786994.91,2335951099.55,2335112599.16,1
2522597.15,970551.75,2333102598.33,2332237460.93,1
0.0,876608.46,2334558465.05,2333693036.75,1
1393346.53,544728.9,2338428070.78,2337548577.68,1
1582780.49,416139.67,2338687163.42,2337791628.71,1
1649896.28,641403.52,2350400666.08,2349491941.69,1
2574459.92,446446.0,2363088080.91,2362111688.02,1
2122603.04,345608.13,2348572074.62,2347580994.2,1
1908557.71,1645247.1,2354955256.29,2353957804.06,1
1866319.34,642365.0,2356097106.38,2355084926.06,1
2713570.86,364778.52,2354798550.23,2353772314.39,1
1751062.82,481688.6,2353657481.05,2352624936.98,1
1915091.57,624677.69,2358861250.41,2357820437.79,0
879327.05,370922.85,2358652007.03,2357603916.18,0
2034013.26,1080717.57,2358626647.51,2357569169.92,0
2909633.06,379000.0,2357288058.05,2356217531.1,1
5369108.84,321511.82,2340243074.3,2339134461.94,1
1365001.71,927262.09,2341413700.32,2340297145.14,0
2073919.62,336415.88,2341476447.52,2342763388.68,1
283283.08,103319.6,65604150.67,65849282.05,1
0.0,91173.37,65737711.51,65917261.8,1
161701.76,203155.84,65774920.87,65784062.39,1
176933.24,160470.63,65811397.21,65948574.37,1
282115.86,42660.84,65657059.5,65895678.93,1
87262.16,67040.61,65646777.39,65729073.48,1
0.0,69607.69,65764285.78,65835636.31,1
194851.14,33986.4,65680803.66,65760916.63,1
157186.28,59747.31,65643779.91,65882248.71,1
317799.9,113088.97,65503882.53,65851602.96,1
243985.16,47445.22,65321846.37,65647533.16,1
0.0,100235.94,65498342.09,65747394.62,1
153916.62,22488.41,65413653.59,65373808.2,1
82296.44,56577.13,65499623.39,65393239.72,1
47631.09,71344.19,65562091.7,65700590.65,1
275990.22,165847.39,65508734.77,65842092.18,1
0.0,44216.48,65620690.24,65907585.05,1
155732.57,99757.54,65634314.8,65602121.19,1
175366.02,40632.47,65547613.59,65761956.54,1
78157.29,58122.75,65591952.38,65624887.04,1
395090.14,98617.92,65341088.25,65579921.22,1
2923437.78,923675.72,3097076072.42,3101071209.53,1
3343548.46,732707.61,3095110973.49,3099291526.18,1
1875015.52,486223.07,3092061962.45,3096415487.18,1
2385710.04,741700.0,3081479237.1,3082099169.31,1
1568196.68,864271.0,3089767940.51,3090597520.82,1
3427272.52,730583.47,3084476929.24,3085501656.3,1
1468469.0,767775.44,3083843092.01,3085052052.97,1
1567263.82,4017667.95,3095065979.49,3096460199.48,1
1894852.92,7667946.51,3108012548.63,3109600779.16,1
1223887.89,275457.33,3096722831.09,3098494202.33,1
1382769.61,153708.01,3097714502.53,3099660688.54,0
2924996.61,133468.58,3100710033.96,3102849088.1,0
3522998.52,482226.96,3101421227.84,3103753876.25,1
1664749.57,95000.9,3091693869.41,3094205052.24,1
10509723.92,5191834.27,3092562018.82,3095251174.97,0
1153070.92,111080.38,3094669188.89,3097548283.57,0
1761817.41,214263.0,3089834361.47,3092895700.55,0
1831840.65,182435.0,3091466139.2,3094710675.7,1
2409836.71,210894.8,3081900810.45,3085328812.83,1
1582154.04,302127.0,3085813880.52,3089427564.35,0
1700641.68,57591.5,3092804929.21,3096596429.32,0
0.0,0.0,2744416880.94,2767434305.83,1
0.0,0.0,2735436185.5,2758582315.44,1
0.0,0.0,2729276089.77,2752545582.59,1
0.0,0.0,2724956976.79,2728045277.44,1
0.0,0.0,2741965029.58,2742618318.74,1
0.0,0.0,2732629930.95,2733404906.75,1
0.0,0.0,2736832629.2,2697730295.55,1
0.0,0.0,2739583740.87,2740603817.13,1
0.0,0.0,2735053086.89,2736213475.42,1
0.0,0.0,2729999198.54,2731281552.08,1
0.0,0.0,2732984978.55,2734391255.16,1
0.0,0.0,2744122305.33,2745651322.29,1
0.0,0.0,2742608446.08,2744264190.11,1
0.0,0.0,2741018634.28,2742798384.88,1
0.0,0.0,2751478811.98,2753377569.15,1
0.0,0.0,2754849210.97,2756878000.11,1
0.0,0.0,2763757322.39,2765894295.34,1
0.0,0.0,2769458482.6,2771710231.31,1
0.0,0.0,2766603226.7,2768989617.65,1
0.0,0.0,2769174098.84,2771685128.96,1
0.0,0.0,2759705266.15,2782647927.93,0
11410101.37,924848.55,2894269795.04,2892273814.67,1
0.0,1005850.58,2891998790.59,2893547675.18,1
0.0,1114121.03,2894968462.15,2896205818.83,1
7863432.92,806419.22,2879890487.55,2881587958.12,1
5753440.64,2810628.0,2883643825.75,2883936615.15,1
9822488.93,989645.36,2870406846.95,2871534983.33,1
0.0,484220.68,2868847069.15,2869720566.46,1
0.0,433173.23,2867084271.4,2868414672.63,1
3067586.93,902535.96,2868698478.52,2868867505.94,1
3460200.56,484271.0,2858787491.21,2859721919.01,1
27758902.49,1199048.45,2835566386.92,2830595484.35,1
0.0,376300.0,2836923223.98,2837878069.36,1
148316.5,512641.21,2837348748.77,2838752277.91,1
2635303.01,821740.51,2834774458.32,2835069411.24,1
1958997.02,16621849.68,2856315172.11,2856420736.54,1
7410196.92,204233.95,2852833403.41,2851749913.49,1
0.0,271000.0,2855104750.57,2856106989.29,1
0.0,570609.89,2859985493.85,2860617649.17,1
4941308.5,316784.94,2849485454.94,2849007159.79,1
1824948.37,135070.53,2847491098.44,2848011472.32,1
8797916.09,457068.44,2845719597.31,2844368438.86,0
653395.56,0.0,827271494.4,831504970.02,1
360827.99,0.0,827794187.78,829890274.97,1
321659.41,0.0,828495346.96,830617662.71,1
2432809.5,3779199.42,1503245938.66,1494875400.86,1
482390.71,4840553.77,1507854343.43,1499451067.14,1
0.0,4513143.4,1512696510.86,1504293462.63,1
0.0,11140532.18,1519866795.75,1511463575.44,1
1346488.14,10849337.0,1529992203.39,1521576494.31,1
2421090.18,3900207.82,1531596180.82,1523111714.18,1
2016504.63,3956357.41,1537061199.46,1528545694.38,1
0.0,4164598.27,1544957267.33,1536441524.07,1
0.0,3795458.92,1555334096.31,1546818254.23,1
1367657.91,4907147.69,1557009966.4,1548486994.63,1
1766979.75,4629126.39,1563450028.45,1554918270.13,1
883800.79,4672559.77,1571856226.75,1563309780.37,1
0.0,5513856.51,1578881844.54,1570024129.02,1
0.0,6155248.84,1580817999.28,1571960395.0,1
792639.25,6170469.1,1586874871.42,1578010797.38,1
2296928.0,3550722.23,1591234973.62,1582350465.44,1
1088153.23,5513680.0,1596840641.25,1587922425.95,1
0.0,7828839.17,1605910225.47,1596991531.1,1
0.0,6263628.93,1609239451.52,1600320488.31,1
906491.55,8233180.0,1620698610.34,1611772318.77,1
2420367.13,7449952.56,1628893823.06,1627642338.03,1
3522994.52,748598.76,1016837317.41,1019209798.48,1
0.0,681152.32,1017106476.16,1019929813.45,1
2374402.23,1060971.42,1015913685.08,1018619805.0,1
1323774.82,868431.4,1016088326.17,1017081056.31,1
1318929.12,710424.48,1016007783.76,1017567830.48,1
4221626.92,1200857.49,1012505059.1,1013650552.33,1
0.0,709670.81,1015247468.11,1016788145.82,0
1544491.19,1024289.69,1017088110.33,1018329256.9,1
1060921.81,631345.18,1014724179.67,1015223775.18,1
1644566.15,720699.21,1012616042.18,1013929380.44,0
3210407.66,569596.89,1010773616.16,1012567424.06,0
0.0,973463.76,1012243975.61,1013914707.44,0
687495.19,773817.63,1011593487.46,1015156268.15,1
1490950.63,2589261.74,1011940511.87,1013681094.52,1
2149325.77,690513.41,1011689182.44,1013645893.62,0
2184194.48,829781.79,1010537791.47,1014862801.36,0
0.0,3121726.99,1012750374.77,1015308313.43,0
2792811.93,1278297.08,1011750281.33,1014247704.8,1
4987673.5,1141264.39,1006082247.54,1008063198.43,1
936148.9,549524.25,1005726254.43,1007925435.42,0
1689605.5,693599.64,1007697984.33,1010186219.2,0
3713776.06,1789234.69,1181943774.77,1186266212.91,1
0.0,2748654.37,1184729338.61,1189061477.9,1
1170153.38,2121638.23,1185762566.63,1190101251.75,1
1148431.76,2740347.23,1180456448.68,1180757386.4,1
1184485.6,2506127.9,1182275444.05,1182733348.1,1
2398897.19,3025506.7,1182551458.0,1183078629.81,1
0.0,2442952.24,1190087281.42,1190750544.0,1
1243468.08,2644178.14,1196846973.45,1197682226.35,1
425429.98,3008165.76,1207951006.18,1210700354.7,1
548462.38,3698108.82,1207875462.97,1209827693.17,1
2828522.73,3074822.93,1213020845.93,1216054394.52,1
0.0,3342756.52,1222921069.12,1227443616.29,0
921635.56,4322739.73,1228066536.91,1232939633.64,1
1027306.68,4453668.91,1224726703.71,1227968257.13,1
1245368.2,2386818.37,1226454274.81,1229783138.18,0
1375867.11,5418235.67,1234627609.11,1238882574.95,0
0.0,3302535.23,1239222073.31,1243700663.15,0
662682.78,5593203.52,1245353103.57,1250075144.77,1
672150.52,3929325.24,1243711322.4,1247256563.09,1
712941.44,4621249.47,1253188060.25,1257961490.59,0
1935937.98,2991121.18,1258450579.48,1264102925.31,0
1816631.3,17358.92,586035648.72,560763910.05,1
991811.2,6055.43,584714124.47,563569641.67,1
1942365.72,1723.7,583357328.7,557255117.76,1
1093774.37,51152.94,580950692.61,553710646.67,1
794666.2,4280.35,582416293.78,559480261.46,1
314434.34,13870.18,580899585.64,558469628.11,1
626372.13,150.28,580413140.95,558548422.56,1
272755.46,21579.81,580402691.76,559546270.69,1
1203218.93,35187.89,579845194.93,562541613.81,1
1461676.01,372.85,576076617.33,562323997.54,1
681833.8,66267.08,576955579.52,553474098.85,1
865393.19,559.34,577396030.16,553727460.72,1
949453.35,25102.58,576087592.0,553646381.59,1
838196.15,446.29,574716660.63,551770700.37,1
778289.15,128636.29,576396635.23,552255965.16,1
966373.02,68500.3,576668477.12,548609592.21,1
2140071.55,11411.87,575083203.44,553551227.01,1
1295347.8,5097.07,574266436.67,554797834.79,1
1100571.18,412.58,571862157.41,552896770.4,1
783799.62,10120.98,571774205.74,551439160.94,1
431183.92,15944.45,573392980.89,551975252.45,1
1330638.75,527382.18,1365339924.61,1370835492.07,1
1076529.35,1250341.58,1365606108.77,1367566714.99,1
661874.88,1064708.41,1367161351.45,1368920180.11,1
1432120.9,967171.75,1366946000.17,1464315180.53,1
0.0,855545.61,1373538826.45,1373558797.74,1
265449.96,816458.31,1374884123.5,1373865726.12,1
1181757.97,907643.21,1375514809.8,1362617690.72,1
555028.35,804826.07,1378800462.61,1366509917.17,1
666088.11,579083.78,1382547465.94,1389225172.48,1
760912.51,982804.06,1381276554.58,1388586794.92,1
298011.61,2212781.85,1382850962.94,1386251469.62,1
1408603.32,892649.31,1385401883.56,1390864563.85,1
873063.4,1020647.25,1383929961.13,1387029195.57,1
1306146.92,1129750.24,1381744298.84,1383851387.75,1
2580804.99,1015847.26,1382341959.41,1391779280.51,1
1753846.92,805925.94,1380660072.31,1389354425.16,1
1830310.96,1484389.13,1380344394.0,1391694351.61,1
641094.04,2694872.47,1383611496.96,1392537109.12,1
9404202.32,767926.75,1372454595.99,1489699960.83,1
6522067.93,930854.78,1369946092.1,1378309533.3,1
2581566.83,1284293.62,1371855342.78,1373138498.48,1
7436504.79,741513.69,1815890650.44,1819238974.78,0
0.0,1406300.53,1794918660.26,1798337764.87,1
9090348.65,1466175.31,1780979421.36,1784308352.86,1
3347151.24,589479.26,1741513390.15,1742084409.85,1
8842796.81,1548115.19,1775500488.99,1776020739.43,1
5104362.29,707661.41,1759367058.82,1760077298.11,1
0.0,515979.19,1754319124.89,1755300027.79,1
5729321.22,671606.02,1765522474.65,1766586425.92,1
7743940.07,557432.32,1770608259.14,1771753640.09,1
4255590.0,838633.13,1745798275.61,1747102688.84,0
14047194.06,1330373.66,1739119458.74,1740348265.39,0
0.0,967997.25,1748097106.9,1749789049.42,0
4762900.65,3432979.93,1746500735.15,1749774568.88,1
4376760.44,2697533.33,1732236596.56,1734066245.57,1
4013758.85,484307.06,1756717587.69,1758778791.1,0
7214378.15,1419102.39,1765781414.12,1768059920.99,0
0.0,711564.33,1768023328.8,1770572777.95,0
5152786.86,1485388.13,1778980909.12,1781800321.39,1
3644933.1,381180.97,1749904722.71,1752526586.6,1
2323326.97,4059606.41,1758289960.63,1761150584.84,0
6586694.29,732474.77,1774497857.76,1777782731.29,0
997383.06,969785.56,330174870.28,326185708.76,1
1599232.07,689754.12,329420274.22,324271987.9,1
1256777.14,676689.93,329103929.75,328395634.67,1
768650.17,1235856.74,329715030.13,328777597.72,1
2513627.24,210507.95,327575979.53,328488291.58,1
1413835.02,1088624.93,327518455.46,327353860.34,1
964636.44,374208.71,327112895.07,325616647.39,1
853377.34,772780.59,327205592.34,326360560.67,1
761166.4,2227070.94,328749073.21,327154512.26,1
678097.89,741490.08,329070488.81,328864412.36,1
1012142.69,630578.18,328874405.72,329626649.96,1
1378370.57,2723511.62,330558390.63,331986669.69,1
511694.64,649684.96,330871527.0,332306836.3,1
692365.16,1975717.78,332328483.99,333490924.06,1
2058547.31,220313.17,330667387.87,333332864.83,1
840218.79,5132210.9,334922352.53,336120250.74,1
937335.72,119114.81,334278330.89,334385590.1,1
453838.79,173484.38,334307373.63,335297241.72,1
353422.83,437044.12,334565245.64,334979885.42,1
477245.23,529574.29,334790102.58,335584800.56,1
1171349.28,595648.5,334296248.76,335904458.72,1
1256729.45,62873.88,630667738.41,632050549.81,1
496525.95,572027.27,629424500.37,629209398.47,1
543538.49,138087.98,633449574.61,633336739.04,1
725427.16,340830.28,624462822.79,624296358.01,1
443192.12,68855.99,631087972.49,630773689.14,1
902742.5,289094.81,624401622.46,624824337.61,1
0.0,148475.35,624629406.17,623248886.14,1
1791358.86,89442.19,623176689.1,623316925.52,1
340559.0,110179.06,627075384.87,626958962.63,1
646077.35,63694.49,619327552.46,618395469.57,1
1459050.7,85380.46,622889469.98,623512003.54,1
0.0,100605.81,624555700.74,625132988.36,1
486974.69,473725.06,624446826.58,624587048.71,1
473859.54,141934.44,625290248.9,625428766.47,1
881409.3,476211.67,633149446.88,633088063.33,1
1001188.74,221806.2,635443155.23,636621033.86,1
0.0,205227.91,635220520.94,636090358.17,1
381745.87,324217.04,636566988.1,632096902.13,1
5622876.86,185724.7,625283715.57,626068361.45,1
483578.21,340289.64,627037463.45,623460765.04,1
4932182.91,166883.19,626034897.26,627697706.51,1
11262016.04,0.0,2710726004.76,2726771593.89,0
0.0,0.0,2700719746.45,2705719025.25,1
4914383.17,0.0,2686909527.58,2697038101.11,1
4134983.48,0.0,2646543038.06,2656106027.4,1
5050277.58,0.0,2652941049.14,2659053334.07,1
2333034.38,0.0,2647435867.23,2651042028.55,1
0.0,0.0,2653700253.03,2655184062.67,1
2882297.99,0.0,2669499450.3,2674076737.77,1
5332590.8,0.0,2679172514.71,2686412528.75,1
2339722.36,0.0,2667791018.93,2672251365.99,1
6361540.94,0.0,2670782800.66,2679477264.48,0
0.0,0.0,2684536470.11,2687081928.6,0
2704387.2,0.0,2684297864.44,2689761337.28,1
3657317.07,0.0,2661342741.34,2667972752.27,1
1837119.84,0.0,2674755200.56,2679776800.68,0
6453663.07,0.0,2678712777.69,2688563771.92,0
0.0,0.0,2672555507.25,2676166001.7,0
2591971.6,0.0,2675380992.8,2681796135.14,1
1912900.58,0.0,2663892917.93,2669841889.81,1
4035498.28,0.0,2665063521.0,2673347079.37,0
3886741.35,0.0,2668642190.42,2676989073.56,0
4018210.62,2291444.45,2236151248.28,2239814682.77,1
0.0,1839068.98,2237492935.5,2241342983.72,1
2548929.73,2709482.76,2239291946.02,2243320228.76,1
3433358.26,2340192.89,2230825267.52,2231371056.17,1
2720667.39,1971704.08,2235613315.96,2236392862.35,1
3490906.81,2545905.39,2234627288.87,2235571528.25,1
0.0,3942235.54,2237366093.19,2238380117.58,1
2694786.4,3322123.02,2248407786.4,2249719011.97,1
1955928.69,1816332.97,2247798179.78,2249260695.05,1
1909750.02,2537485.27,2247941075.98,2249565829.67,1
8255452.65,3567275.74,2250085719.44,2251846182.23,1
0.0,0.0,2253733592.43,2255768794.54,1
2823177.3,0.0,2249694026.05,2251794142.46,1
2202332.47,0.0,2244445069.69,2246773155.2,1
1646404.03,0.0,2249617010.81,2252128463.33,1
3788006.68,0.0,2248705448.45,2251387035.22,1
0.0,0.0,2249030298.62,2251922917.82,1
2778209.78,0.0,2248844519.92,2251868324.06,1
1914801.35,0.0,2245304893.42,2248514687.01,1
2722731.88,0.0,2246941124.83,2250339497.93,1
7253602.19,0.0,2249752850.56,2253380211.89,1
671690.6,17250.3,567361777.38,567894134.72,1
0.0,31578.98,566996392.47,566207867.08,1
642459.08,59953.01,568313147.97,568751626.1,1
1219705.04,56534.19,565229236.8,565262787.69,1
701435.14,130734.99,568760652.92,570196283.33,1
589514.63,48319.89,566452779.98,566192099.98,1
0.0,117232.53,565687767.81,565629463.88,1
624627.71,122147.29,565529632.91,566570343.87,1
586772.75,12580.2,567127772.6,567538528.07,1
792234.99,106575.0,562774477.45,563267633.79,1
1168666.52,10801.07,563507955.85,564281457.7,1
0.0,62103.46,565475425.44,565218866.87,1
844489.3,19524.01,563468886.65,564258298.22,1
735670.28,22357.0,563466850.14,563908823.17,1
1342252.48,312108.39,565046788.04,566413160.98,1
957679.04,14996.88,564872718.21,565959612.22,1
0.0,47177.6,566451162.28,566275305.58,1
335415.15,14200.0,567362665.1,567807506.7,1
403207.12,26216.53,564505967.14,564775634.62,1
947842.79,49301.25,563750608.4,564844951.95,1
1043726.07,36210.13,565383957.64,566442583.9,1
1315.72,832.09,11250081.89,11241795.78,1
3197.0,13730.06,11255823.77,11249940.34,1
7838.49,413.6,11243539.93,11222819.13,1
567.13,1503.05,11227593.91,11220122.75,1
838.98,440.28,11243629.99,11236669.08,1
709.37,3498.58,11236738.67,11230169.09,1
492.84,2050.96,11245728.27,11239462.81,1
2682.8,506.22,11249850.27,11246295.63,1
1651.2,130.0,11254320.78,11250255.63,1
431.5,1361.32,11234722.58,11229959.07,1
1203.49,407.14,11250348.58,11246877.65,1
10444.71,3501.81,11263162.99,11269454.48,1
6561.16,1839.5,11252782.72,11255712.11,1
1508.67,62.46,11247525.88,11245923.9,1
163.38,2232.0,11278383.21,11275956.98,1
4467.16,283.22,11283036.62,11285436.55,1
1186.14,409.66,11295227.58,11294863.95,1
788.45,289.88,11308894.1,11308655.68,1
976.77,627.38,11289989.46,11290462.85,1
2065.6,2093.05,11301222.14,11303307.2,1
288.28,305.97,11325296.14,11326121.88,1
183747.4,273078.69,150445971.89,144592457.2,1
0.0,0.0,150202910.05,143467534.3,1
249014.87,465208.59,150016111.69,141879768.29,1
592396.07,155604.4,148400289.91,140367237.7,1
279947.77,203308.2,148262649.24,136893520.9,1
751218.44,180345.26,147876353.29,142025801.76,1
523703.42,84250.59,148590539.51,140425316.14,1
218299.42,755225.85,150169586.71,143367935.07,1
180834.72,186663.14,151601189.18,145056085.87,1
687914.9,291492.64,151100812.17,144300429.47,1
171771.22,207249.15,151564561.16,143978706.79,0
410583.58,280693.91,152739886.52,144484409.71,0
114563.89,367743.15,153367860.43,145773277.3,1
424700.98,191144.95,152062688.92,145432612.58,1
240020.39,375100.56,152447428.38,144644862.24,0
116546.64,215317.36,153057105.25,146196076.77,0
155378.69,383424.15,153631692.52,147001025.02,0
484405.28,264545.24,153602001.31,146277170.95,1
106644.76,207189.14,152811806.46,146312533.07,1
365894.02,352900.59,154300167.72,145644957.14,0
628311.14,1018669.64,154873386.51,148522597.89,0
1029179.63,39226.78,185929198.52,173703672.81,1
0.0,0.0,186880878.65,174514854.58,1
512575.54,93149.43,186091950.04,172910905.88,1
385649.82,47318.7,187361769.09,174007608.71,1
500052.63,91076.09,184207027.47,171126755.32,1
526183.04,60384.88,184868301.26,171729912.53,1
222878.35,60792.24,185325078.16,172211168.22,1
228656.35,27041.19,184735339.66,171619940.03,1
198401.07,112463.42,185436659.02,172393495.51,1
282327.86,26242.7,184942413.61,171934887.12,1
439249.16,25376.49,185582671.26,172428493.88,1
190086.98,48275.69,187077989.37,173984178.02,0
269919.87,107920.12,186276998.17,173319118.47,1
314251.23,15795.1,185319147.61,172378349.8,1
108837.94,42820.48,184453865.93,171580609.82,1
206580.56,37137.67,183295741.69,170519203.88,0
339143.94,313391.49,184302263.42,171729906.85,0
334850.95,91176.92,183388421.25,170812493.47,1
241575.56,286753.48,183148926.29,170573217.54,1
183031.21,182774.9,184099901.17,171614498.94,0
383129.57,142162.43,184089788.49,171517297.37,1
1559681.33,659276.0,184202562.05,188990177.99,1
0.0,0.0,184237920.56,187250971.0,0
391589.99,626710.59,183175437.82,182155937.15,1
0.0,1085761.65,183673769.25,182577188.92,1
387781.57,648461.21,183542169.23,182906886.06,1
779353.78,513517.67,183823526.31,187727583.92,0
298105.32,460713.81,184586693.25,184971240.03,0
0.0,369846.5,186870813.79,189110346.87,1
0.0,462464.45,190276633.41,192879562.58,1
531243.32,348390.28,189481007.32,191394377.29,0
906140.91,335896.25,191256363.54,192508656.87,0
307676.27,678916.28,193979163.06,194869552.74,0
0.0,727952.91,194224216.55,195206307.07,1
0.0,681673.63,190844073.5,192836118.29,1
460507.78,656726.42,190880856.47,192252204.7,0
2661105.03,737096.89,188892152.64,191914117.28,0
327877.83,585570.73,191282942.96,194381580.35,0
0.0,410209.95,189820387.17,190693438.91,1
0.0,643606.74,189703986.65,192368184.29,1
401649.64,670087.01,192729053.54,193751996.48,0
841297.34,507457.57,193194486.25,195691768.09,0
3418028.34,0.0,1384809481.38,1390745949.54,1
0.0,0.0,1382760149.9,1385391698.91,1
2055094.18,0.0,1383478409.48,1388277995.18,1
1748412.66,0.0,1375724239.17,1380330144.25,1
1199553.91,0.0,1385549421.16,1387294793.19,1
2082245.78,0.0,1379388049.41,1382129282.72,1
0.0,0.0,1381182829.98,1381954485.69,1
2103703.67,0.0,1389176986.47,1392165160.03,1
1164200.06,0.0,1399279727.85,1401458347.33,1
7019209.92,0.0,1384009023.53,1392140476.02,1
7653739.39,0.0,1376008742.92,1384887768.95,1
0.0,0.0,1379528048.68,1380866821.21,1
3351918.39,0.0,1376326047.44,1381128994.04,1
2559369.51,0.0,1373421358.24,1377543506.35,1
1902294.08,0.0,1381144825.01,1384739405.1,1
3949594.58,0.0,1378225718.01,1383981705.07,1
0.0,0.0,1379542781.87,1381464420.98,1
2568332.57,0.0,1382045934.84,1386678502.23,1
2325215.81,0.0,1379456149.12,1383712536.4,1
2164319.21,0.0,1387194658.02,1391513380.26,0
3800780.81,0.0,1392712118.17,1400094355.05,0
318289.87,16245.0,134647394.14,135118228.32,0
0.0,27743.7,133540140.69,133932105.24,1
0.0,6031.92,132409372.57,132714434.16,1
169330.11,20070.0,132543190.12,132699773.45,1
107538.93,12239.56,130836358.17,131095728.8,1
281595.25,5760.76,132169484.52,132710937.96,1
0.0,34000.0,131964241.42,132336855.97,1
0.0,58062.6,129602760.86,129868327.14,1
287189.16,27588.09,136241690.67,136513334.9,1
80031.9,98455.01,132368012.16,132720190.83,1
361383.07,2904.21,130445901.07,129159954.58,1
0.0,10393.54,129977085.8,130404436.59,1
0.0,15152.54,131244984.13,131592788.15,1
290886.82,12844.78,129548604.82,129826401.24,1
80094.92,82836.26,129912829.93,130271205.19,1
150980.03,8401.8,125908667.65,126418507.89,1
0.0,137916.27,126209589.9,126429017.18,1
0.0,20652.86,126110444.09,126250251.14,1
58185.24,53930.66,125330663.0,125378149.66,1
271530.66,10822.0,125771843.76,126091333.31,1
356666.09,16770.73,124791887.45,125468355.79,1
325194.01,39001.04,174451916.92,176373785.7,1
218044.35,34093.96,174643944.91,176470968.9,0
249314.46,47951.54,173978905.5,175759504.77,1
274846.45,62145.67,173954680.03,175777166.24,1
337773.09,64373.4,173436916.18,174894987.27,1
153509.58,74351.28,173544874.93,174909269.08,1
445582.2,128284.8,173195597.16,174718457.76,1
270369.3,54913.53,172946058.83,174501530.44,1
203770.61,56051.81,173109850.54,174580186.37,1
179558.85,40904.08,173352107.0,174675249.46,1
184309.59,49076.71,172407065.07,173872704.67,1
317349.35,317035.09,172303747.92,173536928.7,0
223710.47,35100.64,172102646.3,173271561.38,1
255137.72,10851.85,171764107.79,173029425.3,1
349756.94,48308.03,171564787.08,172983656.68,0
197906.18,38418.12,170228437.51,171733890.5,0
379918.0,88046.38,170155528.31,171679895.43,0
133690.4,38583.15,170153516.17,171580030.22,1
124286.27,30154.95,170279290.61,171558975.57,1
343000.16,3125.39,170030685.78,171312290.06,0
415219.24,7570.0,169524062.29,171045350.54,0
41571.95,1550.52,18113121.56,18195394.55,1
0.0,0.0,18127253.99,18339223.22,1
10887.22,6288.2,17542475.86,17323497.68,1
0.0,4098.85,17098841.83,16594027.64,1
18040.26,203560.0,18405924.83,18431753.14,0
14318.07,57800.0,18343437.77,19098056.09,0
29861.34,22400.0,18860311.24,19418014.64,0
0.0,2860.0,18637779.83,18520245.94,1
0.0,17250.0,19051683.03,19064584.49,1
16210.04,27400.0,18140841.52,17893715.08,0
37336.67,5820.98,17812325.88,17553661.79,0
2631.37,3991.62,17823731.82,17467740.38,0
0.0,16829.51,18130562.63,17890359.89,1
0.0,1220.0,17676958.72,17408311.43,1
24029.3,16855.57,17612823.54,17298970.59,0
16606.2,1050.49,17409741.24,17051705.7,0
9767.38,1055.75,17062025.15,16139368.28,0
0.0,1435.0,17688232.63,16969762.73,1
0.0,6900.51,17537786.19,17483992.93,1
6569.45,500.0,18178153.27,18736262.72,0
69556.53,4800.0,18980760.56,19556417.1,1
2236768.81,298217.08,847821583.3,849810866.81,1
0.0,432569.84,846466201.63,845102817.85,1
1741855.67,289079.1,851019595.95,850004426.73,1
1466858.15,309280.13,838211816.24,837721262.09,1
872312.71,228895.73,847039071.96,845981890.3,1
1642497.42,252601.93,837432038.17,838225271.43,1
0.0,423344.32,837961190.7,835973864.04,1
2602216.8,180034.25,835875102.19,835126166.85,1
1377293.24,123944.14,840203850.4,839631775.03,1
1270195.45,112277.77,829389363.21,827644797.27,1
2625851.93,273759.3,833677038.21,834568953.83,0
0.0,213847.93,836001879.11,834557830.17,0
2697765.81,492953.44,833667576.12,834428513.33,1
668405.65,597357.69,835176880.53,834966857.7,1
1200380.83,74404.7,845178596.8,844723685.87,0
1733775.19,217074.68,847796036.83,849128994.58,0
0.0,186187.28,847405200.37,847929335.59,0
1003457.31,457093.06,848746121.49,849005523.29,1
1236485.05,389695.1,840040709.75,840392397.19,1
979481.98,214493.5,841843630.51,841165042.28,0
2201190.9,123934.23,844858323.19,846613454.16,0
8082207.57,120355.85,1075904359.63,1076005931.04,1
0.0,143566.44,1074428883.17,1074613314.91,1
4370245.91,153265.03,1072716529.98,1074852477.61,1
5217722.42,5500.0,1062278084.38,1064473774.7,1
3730035.44,67001.44,1061882920.6,1062277206.6,1
3665090.93,44205.9,1054121771.65,1054612892.62,1
0.0,62710.29,1051898228.14,1052464254.61,1
4176230.19,56857.93,1048694983.33,1049362913.38,1
3206353.37,10123.62,1050466209.17,1051233113.83,1
4545362.28,79368.2,1040226110.58,1041050671.48,1
14129168.62,157386.37,1032100291.79,1033071673.06,0
0.0,85600.0,1035274146.74,1036352564.19,0
5957539.55,85213.89,1029500244.82,1030585467.8,1
2607143.62,68959.55,1027717752.55,1028888119.47,1
3863851.62,12848.0,1030425984.8,1031702984.36,0
4826997.78,21597.87,1025902337.27,1027261016.69,0
0.0,114937.11,1026093373.81,1027513546.73,0
2311018.83,408627.77,1025535825.23,1027041396.47,1
2419083.6,64065.89,1016925032.48,1018495595.79,1
2053115.59,51223.63,1018402195.44,1020059872.66,0
10417570.21,257243.69,1011087424.21,1012871318.03,0
1659223.37,3785939.91,1466331315.94,1462154301.15,1
2032534.89,5031786.98,1469857778.85,1465576902.36,1
1386121.97,3907627.01,1473199550.03,1468848469.47,1
3072417.73,3354404.92,1474131779.16,1469628025.12,1
2142237.25,5783595.22,1479645459.38,1475035635.57,1
2020430.84,2074710.58,1480604776.4,1475893973.8,1
942370.45,3772578.05,1484218250.17,1479459540.93,1
3057450.21,4168422.27,1486507228.95,1481595848.6,1
580496.81,3839722.48,1491142894.48,1486201589.42,1
1343099.77,3369345.95,1493550032.47,1488541782.19,1
1624721.32,2847038.94,1495357032.8,1490267765.84,1
1614661.71,4840725.81,1499798759.57,1494628729.48,1
834803.14,2241397.09,1501544806.42,1496332110.31,1
422261.86,4945559.86,1506332929.01,1501098235.86,1
1848562.91,3672279.57,1509283920.29,1503955811.43,1
981780.69,1203163.29,1510000601.2,1504622410.71,1
896784.43,3842559.53,1513716670.08,1508293005.44,1
1581689.11,4431304.27,1517548784.6,1512046805.76,1
1947939.02,3920862.26,1519723982.56,1514124381.43,1
1097440.09,2913275.74,1522790799.87,1517136664.05,1
1092951.81,5810670.71,1528845325.87,1528735514.69,1
4769387.47,164836.85,1497813485.36,1498765229.84,1
2940535.23,50066.5,1493515371.94,1494511162.95,1
4554198.64,61632.27,1489299639.27,1489439998.25,1
2937796.5,131505.95,1483459010.5,1483637226.51,1
2875409.5,39782.28,1483462027.16,1483616290.21,1
3349054.73,71240.38,1479498487.07,1479706536.94,1
2845093.85,54002.86,1477650415.38,1477906376.86,1
1554212.38,60703.93,1476996792.42,1477296050.86,1
2842170.27,16419.25,1476799902.34,1477144915.97,1
2885321.21,12408.58,1470821954.32,1471209515.73,1
2160042.79,250599.63,1471298096.97,1471723648.77,1
2136385.55,45973.71,1470972988.76,1471449367.77,1
2705997.73,28007.02,1464374369.35,1464878275.42,1
3907086.09,26698.5,1464514449.11,1465057122.39,1
2684285.77,12774.16,1465982160.51,1466584037.28,0
1441666.09,29030.84,1466070463.45,1466720921.16,1
2881060.2,65191.51,1464167853.13,1464861679.71,1
2566295.26,83280.8,1463118053.37,1463855007.02,1
2943874.14,59985.5,1457002854.11,1457753566.75,1
2928279.44,99981.45,1455374508.94,1456162293.84,1
2106061.33,183011.19,1457058553.32,1457962193.75,0
946179.64,1441819.27,1525969113.33,1527029064.94,1
1828871.34,1435205.22,1525028860.72,1526972229.34,1
1271351.35,771404.66,1524815391.13,1526201920.92,1
1526867.03,1359529.61,1521435642.34,1523065455.66,1
1822906.73,683627.74,1523593623.85,1525519983.23,1
3349832.41,653405.67,1519890928.43,1523344796.29,1
1857195.34,774256.1,1519703306.18,1521665107.56,1
1866419.95,568619.76,1519579745.87,1521551268.84,1
1782071.31,564145.81,1521278680.09,1523166462.87,1
2015960.65,534778.9,1518117051.23,1520239392.98,1
2196235.06,569724.4,1518027958.87,1520331147.48,1
3809200.4,623338.05,1515667682.41,1519584352.72,1
3549652.47,256800.11,1513054199.68,1516711862.61,1
2211097.19,434250.85,1511812399.15,1514131967.18,1
2235000.24,402112.55,1513562724.2,1515906690.23,1
2209862.93,1064324.48,1514939660.74,1517255216.12,1
1785172.33,891425.56,1515537677.69,1517429257.56,1
1967805.39,845571.98,1516174364.6,1518249256.73,1
1571144.12,785150.21,1512050913.66,1513729800.77,1
2555389.59,813973.58,1511956336.0,1514619975.17,1
1454650.12,920649.56,1514606105.57,1516169488.9,1
3528983.01,259810.12,1276502494.2,1283702422.83,0
0.0,1012958.06,1270977089.79,1276264765.38,0
2187041.92,771480.0,1265930488.11,1269988816.04,1
2652225.3,596362.79,1255111885.26,1261855650.43,1
2538101.29,414457.24,1263704829.76,1269147314.55,0
1124708.59,615607.64,1261297683.93,1267822318.5,0
0.0,542646.08,1261230287.76,1260940921.41,1
863100.82,963902.34,1258163968.83,1255560376.34,1
1048365.62,854701.0,1255332448.2,1255572956.45,1
1916317.52,964213.92,1252013156.64,1255461421.16,1
3975891.41,852820.6,1251357836.87,1257782879.73,0
0.0,795317.55,1249740708.03,1254292382.71,0
2467942.02,1259734.76,1244731382.04,1247841902.68,1
1137881.78,2881250.0,1247449500.64,1251731221.76,1
1422350.57,503500.0,1255888039.11,1259159893.78,0
2855112.9,1057328.25,1258732324.72,1263748138.35,0
0.0,494859.78,1262765383.05,1266434763.88,0
1710669.99,3716449.02,1268865747.02,1271475043.51,1
1426137.62,679992.9,1264318847.44,1268388508.17,1
1584208.0,593614.46,1263924754.59,1267921125.62,0
8582354.83,660638.07,1258360592.64,1269562528.97,0
13290805.79,628356.1,1637751961.89,1615891608.8,1
0.0,474756.95,1637578025.61,1615777348.47,1
4775805.78,540865.31,1633538113.98,1611560734.78,1
4688793.6,583320.97,1630430154.93,1608434605.85,1
4469780.75,774046.89,1627569686.62,1604754592.58,1
2539709.39,589190.69,1624872762.62,1601928544.74,1
0.0,560189.71,1628632455.47,1605493405.36,0
2889792.94,365016.3,1629834775.84,1606481859.83,1
4004096.81,263110.8,1623048510.65,1599865938.12,1
3016133.35,602302.02,1618788832.03,1595491637.46,0
4405635.47,723245.0,1616362140.14,1593515693.51,0
0.0,1358700.38,1618503970.56,1594695181.03,0
2271702.42,396256.74,1615486832.76,1593528818.94,1
1792807.95,2347326.0,1614876363.45,1590672189.03,1
1322225.02,180610.44,1615624087.61,1591407741.3,0
3127491.8,356707.9,1613176682.99,1588639478.05,0
0.0,177421.55,1611943540.43,1588500271.4,0
1745202.57,1271818.79,1612277410.37,1587980882.61,1
1167604.41,498463.2,1608780805.15,1584122841.48,1
1314098.88,217346.67,1607735767.52,1583161913.53,0
2186930.21,367000.0,1610555633.47,1610580446.76,0
1738726.27,21460.55,709691256.15,711672444.0,1
3998702.5,339.0,709607140.85,712856648.14,1
2011456.3,1070.0,706908470.63,712577550.73,1
2057866.0,53000.0,710732208.21,715792278.26,1
1525271.58,380.0,701268538.16,701925820.31,1
1992435.98,10518.28,703510758.17,704208764.03,1
1906616.59,250.0,701268541.95,702153919.85,1
2368919.45,0.0,697485086.54,698913471.96,1
2421473.77,7000.0,695035458.7,698832422.02,1
2940070.09,490.0,690994350.45,694773352.2,1
2223346.6,0.0,690044490.84,691833314.42,1
1989001.79,0.0,696131682.04,692163024.54,0
1430390.77,1.14,688583087.11,686761300.12,1
2270769.59,12202.0,685550810.92,683498977.9,1
1763688.38,0.0,679056864.42,680471959.23,1
1933238.11,5.0,672710412.86,673057489.44,1
1053887.4,253.64,674262736.55,672656545.01,1
1847254.88,15.0,669891568.02,668288574.26,1
2948809.34,0.0,667905716.02,666490857.01,1
3350562.04,150410.0,665651532.09,664131000.55,1
2441351.73,270.01,663670868.47,664145343.67,1
460155.4,73887.94,58494746.53,59085961.11,1
0.0,106809.88,58589118.37,58630991.57,1
166737.59,16878.86,58480814.53,58761906.87,1
220915.91,88614.23,58162438.87,58438142.07,1
193263.25,28301.91,58154987.9,58384168.13,1
62103.98,23814.83,58115812.7,58218611.88,1
0.0,27852.36,58113578.73,58146951.14,1
162027.88,19789.14,58232932.86,58418113.49,1
1546860.34,8829.07,56683234.92,58253211.35,1
174534.99,8050.56,56505087.38,56748614.48,1
299511.34,53203.54,56425071.71,56762286.35,1
0.0,21193.86,56535089.39,56552318.73,1
319889.17,0.0,56185606.19,56523445.94,1
219200.39,0.0,55892848.15,56130716.12,1
52836.67,0.0,56004566.51,56084784.2,1
180476.75,8000.0,55901646.86,56122617.56,1
0.0,20398.14,55929908.13,55981532.69,1
153728.08,30815.2,55869634.11,56070217.61,1
92865.18,25332.17,55762999.16,55901807.22,1
81847.53,23706.48,55809639.18,55941077.29,1
200755.06,26642.31,55880113.15,56607347.12,1
38772.08,306402.2,129974920.92,131710043.95,0
156623.69,207616.82,133094696.52,133874477.97,0
61927.27,100300.0,131136762.8,131637725.29,1
65563.62,92118.47,131641713.81,132230453.23,1
141342.81,139572.21,129382725.83,129910944.82,0
174840.78,63576.43,131035469.42,131724576.37,0
127050.08,84410.63,130196634.02,130876522.26,0
118630.79,100732.79,128189624.55,128894911.31,1
167361.36,65419.2,134750964.91,135629793.32,1
78204.35,133266.77,128518586.04,129301263.66,0
63628.8,98431.74,126973155.17,127774611.3,0
120087.95,224413.52,126662599.02,127344765.92,0
284528.15,108122.28,127495843.25,128255106.4,1
84117.63,15464.45,126786220.72,127537976.27,1
19319.15,87319.8,125992313.79,126621443.65,0
56586.93,19719.0,123039289.12,123721253.62,0
33827.23,75758.13,122854450.26,125054371.54,0
203442.61,2061223.55,125696836.86,126191790.74,1
238954.5,48594.94,123567811.26,124449037.35,1
38963.97,276201.43,125507216.06,126244326.9,0
71027.74,108674.01,123645700.0,124354001.03,0
466450.27,545497.92,303913436.03,302013922.25,1
277254.6,390933.01,303999842.39,302698197.79,1
205004.69,910772.08,304902330.52,303251672.68,1
221079.8,82845.25,304484228.87,303007163.14,1
574601.36,1429223.62,305984358.25,304699594.62,1
1467331.92,350684.5,304631501.47,304664240.69,1
845942.4,194247.72,304063266.91,303423811.89,1
2214338.47,1004364.19,302963712.29,303720424.51,1
563973.99,617023.85,303252254.58,302398282.17,1
782673.15,67783.99,302006490.83,301675882.5,1
208873.92,23127.06,302259271.36,299426948.86,1
322888.81,131496.99,302451137.88,299810896.32,1
2079401.89,507.45,300341059.33,299709159.39,1
1113135.24,403618.52,299578855.64,297843789.37,1
909709.94,175200.06,299542658.23,297290258.05,1
216069.82,91925.58,299809376.28,294933940.93,1
364889.53,117579.61,299795639.64,295233735.92,1
770608.93,88792.31,299337088.69,295796254.13,1
751300.74,1032593.74,299394494.46,296145703.35,1
1302444.62,197950.37,298531035.52,295434333.67,1
859483.93,174783.63,298458295.77,294902079.7,1
8369957.88,1444332.55,1690118019.68,1699649435.86,1
0.0,14685835.6,1705719515.1,1706935851.31,1
2375121.95,650606.98,1704830835.7,1708477595.75,1
3506686.53,3754019.65,1705307759.96,1710141315.87,1
7833130.03,3571040.51,1701747799.85,1709844672.58,1
5040645.16,2742161.56,1699941563.94,1705301301.99,1
0.0,5191533.24,1706473743.24,1706848178.43,1
3739718.81,1530797.72,1706034889.26,1710206821.77,1
2776325.95,1337013.73,1706659395.78,1709933488.96,1
2389036.19,1393941.41,1706655550.16,1709598957.82,1
4970449.14,1115927.07,1701961086.44,1707528296.04,1
0.0,1173856.94,1704466518.47,1705120640.64,1
2428085.41,1571017.44,1705347206.6,1708492227.55,1
21110585.64,958503.4,1685865595.96,1707731557.66,1
3142847.3,788934.49,1685125465.43,1689086398.32,1
5206285.32,2105648.08,1684080737.85,1690173666.88,1
0.0,1344033.95,1685871295.71,1686807604.61,1
3455121.8,975127.45,1684959694.94,1689414868.32,1
20271601.31,1478569.82,1667632839.7,1688967663.26,1
2355523.06,643137.81,1667495734.18,1670980226.91,1
8880013.1,1254009.38,1660935245.66,1671002307.91,1
193021.96,143764.31,25692690.8,25938772.35,1
140178.69,653542.42,26185337.23,26637272.51,1
61302.89,126037.87,26244697.35,26449155.97,1
74403.9,394396.57,26545296.81,26684643.0,1
67090.08,89654.42,26630624.54,26772764.83,1
102764.02,57888.67,26564778.5,26736231.82,1
22421.45,90998.27,26643308.86,26770263.53,1
107610.11,44426.36,26575548.48,26708395.67,1
59714.91,32765.59,26537891.16,26703016.41,1
189005.3,48860.91,26373943.05,26624285.86,1
99715.68,53196.21,26346988.19,26637197.32,1
35051.07,106203.37,26461470.04,26599152.52,1
170814.1,66675.0,26354806.01,26557465.57,1
116870.91,1643995.55,27876450.19,28385833.67,1
74601.58,6089980.68,33946279.26,34142120.3,1
46560.3,24845.52,33958124.91,34084136.39,1
64193.83,19186.74,33961356.94,34074831.73,1
98791.81,45237.34,33953597.11,34119932.58,1
27455.51,101487.47,34024034.06,34153975.69,1
33487.6,71733.98,34059550.54,34122085.35,1
101475.06,101716.78,34102466.35,34241767.84,1
120093.01,175170.47,57024780.96,57537389.46,1
235419.38,313599.52,57097452.53,57686992.32,1
173733.87,230506.66,57137584.23,57768806.0,1
86495.24,217613.95,57257337.92,57771499.84,1
88659.03,248054.11,57470587.85,57837338.87,1
97071.4,208169.33,57588768.91,58176478.29,1
235833.73,416810.78,57792975.59,58254759.99,1
159570.67,143039.12,57799041.73,58342985.93,1
84456.57,161730.01,57890052.57,58059745.36,1
84309.86,137658.04,57872541.91,57671891.53,1
88884.78,141136.3,58011931.86,58104832.61,1
216387.51,229534.63,58131036.03,58564149.87,1
70353.83,135992.31,58172050.74,58638095.91,1
123702.55,186191.92,58237445.5,58603421.32,1
122761.93,177584.37,58382507.27,58748825.32,1
137566.48,124228.92,58393790.41,58453904.73,1
287085.0,144252.71,58314757.69,58470809.64,1
116024.02,159274.63,58369283.79,58556261.58,1
86216.41,178589.59,58421471.53,58568212.59,1
67191.1,252414.91,58659514.62,59014268.49,1
116601.74,205081.76,58840525.41,58518087.4,1
67798.58,112936.68,33385984.55,33761353.56,1
91881.6,275648.11,33551486.69,33844193.99,1
58824.7,133982.87,33598632.2,33862556.11,1
42873.78,113469.75,33643562.35,33896665.27,1
81585.5,150944.53,33751261.43,34026734.1,1
63200.8,167330.34,33844963.81,34301181.69,1
102573.21,326252.23,34078594.7,34388806.92,1
84734.6,158845.63,34163594.58,34446452.07,1
61340.62,109820.44,34214007.93,34237139.55,1
62606.46,89554.1,34156831.7,33857759.71,1
56741.98,89375.9,34262091.7,33771361.9,1
129970.54,201379.79,34425633.11,34334260.54,1
68430.21,232391.12,34552164.24,34815284.18,1
37357.45,74566.6,34578349.92,34751782.88,1
128914.69,76953.47,34601725.8,34823475.74,1
113523.79,64010.23,34563473.03,34903085.69,1
106566.37,107834.26,34617066.99,34904221.54,1
69514.92,93352.96,34638514.53,34780695.95,1
34795.84,97907.55,34644132.9,34846032.99,1
26886.75,212876.52,34869525.82,34982341.81,1
42632.2,59058.39,34965254.62,35177580.34,1
293528.16,956749.59,131201629.92,132908059.31,1
946900.23,1153727.92,131459419.69,133372962.78,1
436009.48,655249.51,131729306.92,133579050.51,1
390803.8,447263.55,131825189.54,133050320.23,1
365845.61,577108.56,132127297.81,133605893.83,1
313465.46,936574.62,132825992.0,134306321.96,1
608251.56,814045.32,133105358.45,134703343.65,1
294048.62,687213.89,133573847.51,134912461.18,1
359862.24,451500.56,133738201.17,134840966.57,1
277634.41,455813.31,133946474.54,135081825.95,1
267832.61,503062.01,134288038.86,135497059.25,1
754803.42,667149.97,134305670.45,135720097.25,1
501618.29,393949.29,134254009.12,135964164.78,1
232316.44,453921.73,134535780.22,135740082.53,1
315732.48,468704.64,134797145.57,135683513.08,1
234419.6,334279.76,134972385.6,135815462.31,1
845608.41,475560.16,134675288.15,136076348.98,1
324839.55,545640.82,134972458.01,135705784.39,1
327622.55,451431.86,135147711.11,135296206.47,1
264327.63,339116.95,135314066.31,136265924.61,1
717267.84,351368.09,135057661.65,136735661.22,1
2572653.65,0.0,2213613411.98,2217398120.96,1
2226360.49,0.0,2208915127.93,2212852144.21,1
1515143.67,0.0,2209838433.04,2213955085.45,1
1425947.83,0.0,2202170725.32,2202643983.65,1
1016352.06,0.0,2207868467.04,2208661770.87,1
753628.87,0.0,2202570743.83,2203538698.72,1
947994.05,0.0,2202831648.02,2203973981.91,1
1000991.0,0.0,2203617313.55,2204937136.17,1
3487469.98,0.0,2202705092.13,2204203603.78,1
1407681.42,0.0,2194982228.46,2196653709.55,1
738171.4,0.0,2197469694.97,2199311225.26,1
791660.07,0.0,2199911625.94,2201931019.19,1
1931226.55,0.0,2199482285.47,2201675146.41,1
1193447.14,0.0,2196746263.21,2199111950.68,1
3306489.55,0.0,2202560786.98,2205115216.56,0
823442.13,0.0,2208097297.08,2210866100.35,1
1236682.62,0.0,2208639394.99,2211570735.92,0
1495765.03,0.0,2212587116.13,2215730840.05,1
684670.68,0.0,2204150171.29,2207401197.61,1
796452.94,0.0,2203344145.9,2206761793.14,0
2257791.25,0.0,2210231640.25,2213890056.99,0
5522.21,7091.25,8835788.99,8860954.81,0
43739.94,12126.1,8789624.07,8822635.85,0
30508.91,3168.09,8753594.93,8826857.62,1
23934.79,20208.75,8772805.36,8810066.89,1
14422.47,7440.02,8740881.68,8777894.74,1
10394.81,17167.91,8801468.54,8825459.77,0
22586.54,13376.95,8769085.75,8803479.51,1
15190.63,15093.63,8738188.12,8772700.36,1
13627.85,10332.11,8803835.25,8820584.4,1
18336.73,1926.33,8705238.56,8745159.38,1
25568.91,21583.79,8701708.46,8819875.25,1
31775.94,89704.57,8752949.97,8797986.61,0
21685.08,6527.87,8747486.79,8793449.61,1
9507.19,11748.96,8743004.43,8762170.69,1
14689.53,3748.9,8732553.88,8748637.12,0
113819.22,3988.64,8572887.71,8678008.84,0
17914.82,7034.28,8576387.1,8680275.33,0
19533.43,4010.38,8567082.64,8612314.15,1
16858.12,40351.41,8587065.61,8613900.51,1
26719.66,3227.82,8567361.81,8599776.6,0
216153.47,3133.93,8352257.77,8559110.99,0
83262.81,12746.75,23996564.23,24076766.15,1
16636.79,10500.0,24349578.12,24446819.1,1
22132.74,13685.77,23939689.31,23976207.54,1
0.0,19551.36,24058425.25,24078708.14,1
0.0,4382.0,23869331.84,23861407.2,1
133883.68,553070.0,24338566.04,24464925.58,1
40671.17,10136.0,24339572.8,24507010.66,1
43896.03,6500.0,23955572.51,24033429.8,1
0.0,13840.0,25304084.96,25341672.77,1
0.0,28541.73,25427584.45,25421585.14,1
110661.54,17877.44,24518544.28,24623634.26,1
11496.68,48812.78,24754026.84,24871028.28,1
16105.48,11520.0,24765599.78,24788461.22,1
0.0,11250.0,24692128.39,24703909.37,1
0.0,8204.21,24716466.98,24712557.65,1
90812.45,21499.67,23847700.14,23934468.83,1
8539.91,12170.8,23817691.42,23913405.32,1
81166.2,11212.47,23586479.92,23672952.39,1
0.0,18241.39,23399654.97,23477989.11,1
0.0,25046.37,23530276.18,23527843.01,1
30214.84,68375.34,6678679.45,7011284.27,1
39626.12,241832.11,6777384.29,7130405.25,1
8870.31,152542.07,6874882.71,7169525.75,1
20644.86,113526.79,6949012.28,7196449.95,1
28208.63,172793.76,7017015.26,7227733.19,1
17467.61,142984.53,7116908.0,7648003.79,1
25842.46,408777.93,7387887.82,7527869.3,1
21921.99,142854.19,7479393.43,7730787.18,1
12081.04,81868.77,7530253.35,7751497.77,1
8293.52,164517.69,7626737.25,7786742.65,1
17082.88,87541.57,7680088.52,7983739.24,1
31231.47,226314.59,7818055.42,8034139.26,1
13590.01,110803.2,7902109.41,8126413.29,1
7988.08,128833.62,7995737.25,8151403.97,1
20614.58,127936.36,8058048.74,8231118.7,1
25377.88,105472.69,8127213.68,8361816.39,1
67082.53,152206.69,8113036.58,8469974.98,1
14392.26,178336.45,8203077.22,8517890.39,1
14039.15,85758.83,8204643.77,8473804.84,1
99293.75,120041.26,8183351.14,8434233.54,1
11272.0,57195.56,8220550.53,8608762.61,1
1491.1,8891.13,1182618.17,1184666.49,1
3628.12,3033.94,1174068.7,1178307.77,1
6733.91,5609.11,1179548.34,1189066.07,1
13511.4,4207.68,1163918.77,1183354.5,1
2498.28,3039.43,1180282.53,1195329.1,1
1762.86,5798.49,1186556.12,1189889.73,1
2855.18,3512.66,1188156.16,1191883.1,1
7513.34,2834.75,1180905.5,1190419.71,1
5663.15,10510.2,1186224.51,1198583.22,1
4514.43,9771.42,1183025.17,1192411.6,1
3276.41,14632.43,1198905.33,1245103.35,1
1335.33,22538.2,1231540.47,1235433.75,1
5788.5,5764.77,1234445.43,1240887.35,1
1547.62,7730.24,1242602.09,1249292.13,1
2619.86,20196.66,1277942.6,1281500.65,1
4662.85,29044.58,1304675.26,1311385.64,1
3467.23,27912.36,1331241.17,1338835.37,1
8508.36,21387.37,1345114.97,1417992.23,1
6875.03,15991.56,1353414.3,1368336.0,1
3322.71,29837.12,1380322.93,1390096.43,1
3339.73,117911.03,1506732.37,1513004.79,1
